-- phpMyAdmin SQL Dump
-- version 4.4.13.1deb1
-- http://www.phpmyadmin.net
--
-- Host: localhost
-- Generation Time: May 02, 2016 at 12:05 PM
-- Server version: 5.6.30-0ubuntu0.15.10.1
-- PHP Version: 5.6.11-1ubuntu3.3

SET SQL_MODE = "NO_AUTO_VALUE_ON_ZERO";
SET time_zone = "+00:00";


/*!40101 SET @OLD_CHARACTER_SET_CLIENT=@@CHARACTER_SET_CLIENT */;
/*!40101 SET @OLD_CHARACTER_SET_RESULTS=@@CHARACTER_SET_RESULTS */;
/*!40101 SET @OLD_COLLATION_CONNECTION=@@COLLATION_CONNECTION */;
/*!40101 SET NAMES utf8mb4 */;

--
-- Database: `bdtutoria`
--

-- --------------------------------------------------------

--
-- Table structure for table `tb_alumno`
--

CREATE TABLE IF NOT EXISTS `tb_alumno` (
  `idalumno` int(3) NOT NULL DEFAULT '0',
  `alumno` varchar(75) COLLATE latin1_spanish_ci DEFAULT NULL COMMENT 'Nombre del alumno, en la forma APELLIDOS [coma] NOMBRE ',
  `unidad` varchar(8) COLLATE latin1_spanish_ci DEFAULT NULL COMMENT 'Curso al que pertenece'
) ENGINE=InnoDB DEFAULT CHARSET=latin1 COLLATE=latin1_spanish_ci;

--
-- Dumping data for table `tb_alumno`
--

INSERT INTO `tb_alumno` (`idalumno`, `alumno`, `unidad`) VALUES
(1, 'Abad Benítez, Antonio', '1 ESO C'),
(2, 'Acuña Román, Soledad', '1 Bach D'),
(3, 'Adbib Bannoudi, Naomi', '1CFGSA'),
(4, 'Agredano García, Cristina del Carmen', '1 ESO F'),
(5, 'Agudo Verde, Andrea', '1 ESO B'),
(6, 'Aguilera Bernal, Juan', '2 ESO D'),
(7, 'Aguilera Salas, Gonzalo', '1 Bach C'),
(8, 'Aguilocho González, María', '1 Bach D'),
(9, 'Alba Alconchel, Pablo', '1 ESO C'),
(10, 'Albarrán Arce, Álvaro', '3 ESO D'),
(11, 'Alcántara Pérez, María', '2 Bach A'),
(12, 'Alcocer Montalvo, Fernando', '2 ESO B'),
(13, 'Alcón Villarejo, Teresa', '1 Bach B'),
(14, 'Alconchel Lara, Miguel Ángel', '1 Bach B'),
(15, 'Alconchel Puerta, Delia', '2 Bach D'),
(16, 'Alhama Hedrera, Manuel', '3 ESO A'),
(17, 'Almagro Astorga, Manuel', '1 ESO A'),
(18, 'Almagro Ivison, Laura', '1 Bach A'),
(19, 'Alpresa Monteagudo, Amanda', '1 Bach E'),
(20, 'Alpresa Monteagudo, Antonio', '3 ESO A'),
(21, 'Alpresa Sánchez, Marta', '4 ESO A'),
(22, 'Alvarado Sánchez, Cristián', '1CFGSA'),
(23, 'Álvarez Armario, María Carmen', '2 ESO C'),
(24, 'Álvarez Domínguez, Laura', '2 Bach D'),
(25, 'Álvarez Pinteño, Carmen', '4 ESO A'),
(26, 'Álvarez Prieto, Francisco Javier', '1 ESO D'),
(27, 'Álvarez Reyes, Laura', '2 ESO F'),
(28, 'Álvarez Romero, Ezequiel', '2 ESO C'),
(29, 'Amaya Lechuga, Cristina', '2 Bach B'),
(30, 'Andrades Fernández, Beatriz', '2 ESO B'),
(31, 'Andrades López, Cristina', '1 ESO C'),
(32, 'Aparicio Moreno, Juan Manuel', '2 ESO D'),
(33, 'Arana Ferrer, Marta', '3 ESO B'),
(34, 'Arboleda Sánchez, Jesús', '1 ESO C'),
(35, 'Arellano Ramírez, Claudia', '1 Bach E'),
(36, 'Arellano Ramírez, Esther', '2 ESO B'),
(37, 'Arévalo Ortegón, Antonio', '2 Bach E'),
(38, 'Arévalo Ortegón, Cristina', '1 Bach E'),
(39, 'Arillo Bazán, Manuel Jesús', '2 ESO F'),
(40, 'Arillo Jiménez, Teresa', '3 ESO D'),
(41, 'Arjona Morales, Marina', '2 ESO F'),
(42, 'Arnáez Del Río, Marcos', '1 Bach E'),
(43, 'Arnáez Del Río, Pablo', '3 ESO B'),
(44, 'Arriaza Amat, Maite', '1 ESO C'),
(45, 'Asencio Menacho, Marina', '1 ESO D'),
(46, 'Asencio Naranjo, Pedro Ángel', '2 Bach D'),
(47, 'Asencio Rosado, Adara', '2 ESO E'),
(48, 'Atalaya Menacho, María Rosa', '2 Bach B'),
(49, 'Atienza Romero, Pedro', '1 ESO A'),
(50, 'Báez Vázquez, María del Carmen', '4 ESO A'),
(51, 'Baldoy Órpez, María', '2 Bach A'),
(52, 'Ballesteros Gálvez, Cristian', '4 ESO A'),
(53, 'Ballesteros Ribelles, María del Valle', '3 ESO B'),
(54, 'Bandera Arillo, Jéssica', '3 ESO B'),
(55, 'Barba Aguilar, Eduardo', '1 Bach C'),
(56, 'Barea Chacón, Antonio César', '2 ESO C'),
(57, 'Barea Correa, Gloria', '1 Bach A'),
(58, 'Barea Macías, Francisco Javier', '2 ESO E'),
(59, 'Baro Márquez, Antonio', '1 ESO B'),
(60, 'Baro Pérez, Adrián', '1 ESO E'),
(61, 'Barragán Romero, Carlos', '1 Bach A'),
(62, 'Barragán Romero, Juan Manuel', '2 Bach C'),
(63, 'Barrios Astorga, José Luis', '2 ESO A'),
(64, 'Barrios Ayala, Bernardo', '1 ESO E'),
(65, 'Barrios Campos, Fernando', '2 Bach D'),
(66, 'Barroso Rozano, Darío', '1 ESO D'),
(67, 'Basto Jiménez, José María', '2 ESO C'),
(68, 'Becerra Campillo, Aarón', '1 ESO A'),
(69, 'Becerra Gómez, María de los Milagros', '3 ESO D'),
(70, 'Becerra Letrán, Ángela del Valle', '4 ESO B'),
(71, 'Beiro Domínguez, José Alberto', '1 ESO F'),
(72, 'Bejarano Díaz, Pedro Jesús', '3 ESO B'),
(73, 'Beldad Colón, Rocío', '1 Bach A'),
(74, 'Bellido Romero, Jaime', '2 ESO C'),
(75, 'Beltrán Alcántara, Alberto', '3 ESO A'),
(76, 'Beltrán Alcántara, Manuel', '2 Bach E'),
(77, 'Benítez Carrasco, Lucas Abel', '2 Bach B'),
(78, 'Benítez Jiménez, José Pablo', '2 Bach E'),
(79, 'Benítez Mateo, Álvaro', '1 Bach D'),
(80, 'Benítez Ruiz, Alba', '2 ESO B'),
(81, 'Benítez Ruiz, María', '3 ESO C'),
(82, 'Benítez Ruiz, Triana', '4 ESO A'),
(83, 'Benítez Sánchez, Francisco Javier', '2CFGSA'),
(84, 'Benítez Tirado, Andrea', '1 ESO B'),
(85, 'Berdugo Troncoso, Miguel Ángel', '1CFGSA'),
(86, 'Bermejo Rebollo, Jesús Alejandro', '3 ESO D'),
(87, 'Bermúdez Delgado, Cristian', '1 ESO E'),
(88, 'Bermúdez Valencia, Valentina', '3 ESO C'),
(89, 'Bernal Madera, David', '2CFGSA'),
(90, 'Bernal Ruiz, Desiree', '1 ESO E'),
(91, 'Berraquero Ortega, Manuel', '2 Bach A'),
(92, 'Biondi Poblador, Marina', '1 ESO B'),
(93, 'Blanco Márquez, Blanca Paloma', '2 Bach B'),
(94, 'Blanco Zarzana, Nazaret', '2 Bach B'),
(95, 'Bocanegra Corredera, María', '2 ESO E'),
(96, 'Boiseau Martín, Gabriel', '2 ESO A'),
(97, 'Borrego Alcón, Rocío', '2 Bach B'),
(98, 'Borrego Gutiérrez, Cristina', '1 Bach D'),
(99, 'Borrego Hierro, Manuel', '2 ESO E'),
(100, 'Borrego Narváez, Javier', '4 ESO B'),
(101, 'Briantes Casas, María', '2 Bach A'),
(102, 'Budrevicius , Lorenzo', '2 ESO D'),
(103, 'Bueno Romero, Fernando', '1 Bach E'),
(104, 'Bueno Romero, Ignacio', '3 ESO B'),
(105, 'Buitrago García, Fabio José', '3 ESO B'),
(106, 'Bustillo Ramos, Belén', '1 Bach E'),
(107, 'Bustillo Santos, Ana María', '1 Bach A'),
(108, 'Bustillo Santos, Juan Gabriel', '1 ESO F'),
(109, 'Caballero González, Manuel', '2CFGSA'),
(110, 'Caballero Rubiales, José Manuel', '2 ESO A'),
(111, 'Cabeza Romero, Elena', '4 ESO B'),
(112, 'Cabezas Sánchez, Cristina', '1 ESO A'),
(113, 'Cabezas Sánchez, María de los Santos', '1 Bach A'),
(114, 'Cabezas Segura, Laura', '4 ESO B'),
(115, 'Cabral Mancilla, Nuria', '4 ESO B'),
(116, 'Cabrera Guerrero, María del Mar', '3 ESO D'),
(117, 'Cabrera Melgar, Guillermo', '1 Bach B'),
(118, 'Cabrera Richarte, Antonio José', '1CFGSA'),
(119, 'Cadaval Román, Marta', '1 Bach E'),
(120, 'Cala Algeciras, Emilio', '4 ESO C'),
(121, 'Cala Cazalla, Manuel Jesús', '3 ESO C'),
(122, 'Cala De Asís, Macarena', '1 ESO C'),
(123, 'Calvente Salas, Fernando', '3 ESO C'),
(124, 'Calvente Salas, Laura', '1 ESO C'),
(125, 'Camacho Flores, María José', '1 ESO C'),
(126, 'Camacho Romero, Salvador', '2 Bach A'),
(127, 'Cámara Cazalla, Antonio', '3 ESO A'),
(128, 'Camino Castro, Rafael Joaquín', '1 ESO A'),
(129, 'Campos Gómez, Adrián', '2 ESO D'),
(130, 'Cancelo Galisteo, Manuel Alejandro', '2 ESO B'),
(131, 'Cano Rodríguez, Adrián', '1 ESO A'),
(132, 'Cañas Antón, Ismael', '2 Bach B'),
(133, 'Cañas Antón, Juan Antonio', '1 ESO C'),
(134, 'Cañas Fernández, Juan Ramón', '1 Bach D'),
(135, 'Cañas García, Francisco José', '2CFGSA'),
(136, 'Caño Jimena, Laura María', '3 ESO A'),
(137, 'Caño Jimena, Manuel Jesús', '2 Bach D'),
(138, 'Capitán Bazán, María Victoria', '2 Bach B'),
(139, 'Cárdenas Jiménez, Noelia', '2 Bach A'),
(140, 'Cárdenas Navarro, Míriam', '2 ESO E'),
(141, 'Cardoso Peralta, Ainoa', '2 ESO C'),
(142, 'Caro Cardoso, Iván José', '2 Bach A'),
(143, 'Caro Diosdado, Alberto', '1 ESO F'),
(144, 'Caro García, Francisco', '2 Bach B'),
(145, 'Caro Guerrero, Alberto Javier', '3 ESO D'),
(146, 'Caro Gutiérrez de Quijano, Virginia', '1 Bach E'),
(147, 'Caro Reyes, Alicia', '4 ESO A'),
(148, 'Carranza Gago, Alejandro', '2 Bach D'),
(149, 'Carrasco Cerdá, Camila Andrea', '2 Bach D'),
(150, 'Carrasco Ercilla, Pablo', '1 Bach E'),
(151, 'Carrasco Hernández, Javier', '2 ESO D'),
(152, 'Carrasco Villalba, Sergio', '3 ESO A'),
(153, 'Carrera Tomás, Carlos', '1CFGSA'),
(154, 'Carril Soto, Adrián', '1 Bach C'),
(155, 'Carrillo Corrales, Pedro', '1 ESO A'),
(156, 'Carrillo Rodríguez, Paula', '1 ESO D'),
(157, 'Casal Santana, Sergio', '1 ESO D'),
(158, 'Casanova González, Melania', '1CFGSA'),
(159, 'Castell Cadena, Elena', '1 ESO A'),
(160, 'Castellano Lechuga, Cristóbal', '1 ESO E'),
(161, 'Castellano Lechuga, Salvador', '4 ESO D'),
(162, 'Castillo Pérez, Patricia', '2 Bach C'),
(163, 'Castro Menacho, Juan Manuel', '4 ESO D'),
(164, 'Cea Andrades, Alejandra', '1 ESO C'),
(165, 'Ceballos Loreto, Zaray', '3 ESO C'),
(166, 'Cediel Polo, María Camila', '1 Bach A'),
(167, 'Cena Cuadra, Carlota', '4 ESO D'),
(168, 'Cervera Delgado, Pilar', '3 ESO B'),
(169, 'César Hedrera, Julio', '2 ESO B'),
(170, 'Chacón Cumbreras, Alejandro', '1 Bach C'),
(171, 'Chacón Cumbreras, Juan Luís', '2 ESO A'),
(172, 'Chacón Pacheco, Ana', '1 Bach C'),
(173, 'Chaves Rubiales, Ana Belén', '2 Bach D'),
(174, 'Chaves Rubiales, María del Amor', '3 ESO A'),
(175, 'Chía Márquez, Paula', '1 Bach D'),
(176, 'Cirera Calvo, José Antonio', '1 ESO F'),
(177, 'Cirera Morales, Daniel', '3 ESO D'),
(178, 'Clares Lebrón, Carlos Manuel', '1CFGSA'),
(179, 'Clavijo Vázquez, Juan Daniel', '3 ESO A'),
(180, 'Clavijo Vázquez, Marta Noelia', '4 ESO A'),
(181, 'Cómez Peña, Clara', '1 Bach A'),
(182, 'Contreras Caballero, Carlos', '4 ESO B'),
(183, 'Copado Rosa, Aitana', '2 ESO A'),
(184, 'Copano Castaño, Francisco José', '1 ESO E'),
(185, 'Copero Román, Alexandro', '1 Bach C'),
(186, 'Corbacho Rosa, Esperanza María', '2 ESO D'),
(187, 'Cordero Choquet de Isla, Ana', '2 Bach C'),
(188, 'Cordero Parra, Adrián', '4 ESO C'),
(189, 'Cordero Parra, María del Pilar', '2 ESO A'),
(190, 'Cordón Ríos, Irene', '1 Bach B'),
(191, 'Coronel García, Lidia', '2 ESO E'),
(192, 'Coronel García, Narciso Jesús', '1 Bach C'),
(193, 'Corral Parra, María', '2 ESO E'),
(194, 'Corrales Zapata, Manuel', '1CFGSA'),
(195, 'Correa Rodríguez, Raquel', '4 ESO D'),
(196, 'Cortes Villalta, Fátima', '1 Bach C'),
(197, 'Cortés Güisa, Amparo', '1 ESO F'),
(198, 'Cortijo Del Pino, Christian', '4 ESO C'),
(199, 'Cortijo Fernández, Ana María', '2 Bach D'),
(200, 'Cotán García, Celia', '2 Bach B'),
(201, 'Creo Moreno, Alba', '3 ESO C'),
(202, 'Crespo Pérez, Antonio', '3 ESO A'),
(203, 'Cruces Lozano, Juan Antonio', '2CFGSA'),
(204, 'Cruz Hermosín, Lucía', '1 ESO B'),
(205, 'Cruz Serrano, Rubén', '4 ESO A'),
(206, 'Cruz Soto, José Carlos de la', '2 ESO C'),
(207, 'Cruz Soto, Juan Manuel de la', '3 ESO D'),
(208, 'Cuadrado Jaén, Francisco Javier', '1 ESO D'),
(209, 'De la Hera Bermejo, Isabel María', '1 Bach B'),
(210, 'De la Rosa Cabrera, Laura', '2 ESO D'),
(211, 'De los Reyes Pérez, Ulises', '1CFGSA'),
(212, 'De los Santos Cabrera, Alba', '1 ESO F'),
(213, 'De los Santos Nieto, Juan Antonio', '4 ESO D'),
(214, 'Del Águila Bazán, Gema', '2 Bach A'),
(215, 'Del Águila Pérez, Francisco Javier', '2 Bach E'),
(216, 'Del Río Listán, Lucía María', '2 Bach A'),
(217, 'Del Valle Pavón, Antonio', '3 ESO A'),
(218, 'Del Valle Ramírez, Marta', '1 Bach D'),
(219, 'Del Valle Sánchez, Luis Alberto', '2 ESO D'),
(220, 'Delgado Bustillo, Irene', '3 ESO A'),
(221, 'Delgado Bustillo, Pablo', '1 Bach B'),
(222, 'Delgado Cordero, Manuel', '1 Bach B'),
(223, 'Delgado De los Ríos, Juan Antonio', '1 Bach A'),
(224, 'Delgado Fernández, Juan Antonio', '4 ESO C'),
(225, 'Delgado Guerrero, José Enrique', '3 ESO A'),
(226, 'Delgado Nieto, Daniel', '1CFGSA'),
(227, 'Delgado Rubio, Ana Isabel', '3 ESO B'),
(228, 'Díaz Delgado, Andrés Jesús', '2CFGSA'),
(229, 'Díaz León, Álvaro', '1 ESO A'),
(230, 'Díaz Marín, Marta', '2 Bach A'),
(231, 'Díaz Valenzuela, Alberto', '3 ESO B'),
(232, 'Diosdado García, Francisco', '4 ESO A'),
(233, 'Domingo Oliveira, Francisco', '4 ESO C'),
(234, 'Domínguez Chacón, Julia', '1 ESO D'),
(235, 'Domínguez Domínguez, Alejandro', '1 Bach C'),
(236, 'Domínguez González, María del Carmen', '1 ESO B'),
(237, 'Domínguez Menacho, Desiree', '3 ESO B'),
(238, 'Domínguez Parrao, Juan Antonio', '2 Bach E'),
(239, 'Domínguez Pozo, Marina', '1 Bach C'),
(240, 'Domínguez Romero, Patricia', '1 Bach A'),
(241, 'Dos Santos Mariscal, Vanessa', '2 ESO C'),
(242, 'Dumitrasc , Alexandru Gaby', '1 ESO C'),
(243, 'Duplain Pardo, Carolina', '1 Bach D'),
(244, 'Duplain Pardo, Enrique', '1 ESO E'),
(245, 'Durán González, José Antonio', '1 Bach E'),
(246, 'Durán González, Juan Luis', '2 ESO B'),
(247, 'Durán Rodríguez, José', '4 ESO D'),
(248, 'Enri Jiménez, Sergio', '2 ESO E'),
(249, 'Enríquez Cumbreras, Rocío', '2 Bach D'),
(250, 'Escalera Valenzuela, Daniel', '3 ESO D'),
(251, 'España García, María Ángeles', '1 ESO F'),
(252, 'Espinosa Medina, Ana', '2 Bach D'),
(253, 'Espinosa de los Monteros García, David', '4 ESO D'),
(254, 'Fabbro Rodríguez, Giulitta', '1 ESO A'),
(255, 'Fabbro Rodríguez, Keinder Eduardo', '2 ESO A'),
(256, 'Fabbro Rodríguez, Keiner Giovanni', '1 Bach C'),
(257, 'Fajardo Maqueira, Abraham', '4 ESO A'),
(258, 'Fernández Alconchel, Ana', '1 Bach E'),
(259, 'Fernández Alconchel, María', '2 Bach E'),
(260, 'Fernández Andrades, Juan Manuel', '1 Bach C'),
(261, 'Fernández Arribas, Adrián', '2 Bach C'),
(262, 'Fernández Cena, María José', '1 Bach C'),
(263, 'Fernández Delgado, Daniel', '2 Bach E'),
(264, 'Fernández Ferrer, Alejandra', '2 ESO A'),
(265, 'Fernández Ferrer, Francisco José', '1 Bach A'),
(266, 'Fernández Guerrero, Nuria', '1 ESO F'),
(267, 'Fernández Ortega, Marta', '1 ESO D'),
(268, 'Fernández Padilla, Isabel María', '1 ESO B'),
(269, 'Fernández Pazo, Alonso', '3 ESO B'),
(270, 'Fernández Pazo, Antonio', '1 Bach D'),
(271, 'Fernández Pazo, José María', '2 ESO E'),
(272, 'Fernández Pazo, Sergio', '2 ESO E'),
(273, 'Fernández Pérez, Alberto', '1 Bach C'),
(274, 'Fernández Sánchez, Claudia', '1 Bach B'),
(275, 'Fernández Serna, José María', '1 Bach E'),
(276, 'Fernández Sevilla, Leila', '1 Bach B'),
(277, 'Fernández Velázquez, Anabel', '1 Bach B'),
(278, 'Filgueira Campelo, Diego', '1 ESO D'),
(279, 'Flores García, Alejandro', '4 ESO C'),
(280, 'Flores González, Joana', '2 Bach D'),
(281, 'Flores Rubio, Marina', '1 ESO C'),
(282, 'Florido Chamizo, Marta', '1 Bach D'),
(283, 'Florido Pérez, Cecilia', '1 Bach A'),
(284, 'Florido Pérez, David', '2 ESO C'),
(285, 'Franco Pérez, Pablo', '1 ESO F'),
(286, 'Francos Ríos, María', '1 ESO F'),
(287, 'Froján Fernández, Alberto', '1 Bach D'),
(288, 'Frutos Corrales, Blanca', '2 ESO E'),
(289, 'Fuentes Lara, Francisco Manuel', '1 ESO D'),
(290, 'Fuentes Morales, Maora', '2 ESO B'),
(291, 'Galán García, Cristina', '2 Bach D'),
(292, 'Galán García, Lidia', '2 ESO A'),
(293, 'Galán Pérez, Paula', '2 ESO B'),
(294, 'Galera Medina, Esmeralda', '1 ESO C'),
(295, 'Galindo Gallo, Juan Gabriel', '1 ESO E'),
(296, 'Galisteo Arévalo, David', '1 ESO C'),
(297, 'Galisteo García, Celia', '1 Bach A'),
(298, 'Galisteo García, Práxedes', '1 ESO D'),
(299, 'Gallardo Gallardo, Juan Carlos', '3 ESO D'),
(300, 'Gallego Franco, Juan Carlos', '1 ESO B'),
(301, 'Gallego Franco, Noelia', '4 ESO A'),
(302, 'Gallego Heredia, Ana', '1 ESO B'),
(303, 'Gallego Romero, José Mª', '2 ESO B'),
(304, 'Gallego Romero, Sergio', '2 Bach E'),
(305, 'Gallo Marín, Fernando', '1 Bach E'),
(306, 'Gallo Marín, Ismael', '2 ESO A'),
(307, 'Galván Poley, Javier', '4 ESO C'),
(308, 'Gálvez García, Esther', '2 ESO A'),
(309, 'Gálvez Ruiz, David', '2 ESO A'),
(310, 'Ganfornina Garrido, Alba', '1 ESO B'),
(311, 'Gaona Vargas, Alberto', '2 Bach B'),
(312, 'Gaona Vargas, David', '2 ESO C'),
(313, 'Gaona Vargas, Ignacio', '2 Bach E'),
(314, 'García Almagro, Paula', '4 ESO B'),
(315, 'García Álvaro, Carmen', '1 ESO D'),
(316, 'García Barea, Borja', '1 Bach E'),
(317, 'García Barroso, María de la Estrella', '2 Bach B'),
(318, 'García Bernabé, Arancha', '4 ESO D'),
(319, 'García Cabello, Alberto', '4 ESO D'),
(320, 'García Carles, Ana', '2 Bach A'),
(321, 'García Creo, Jesús', '2CFGSA'),
(322, 'García Domínguez, Antonio', '1 ESO C'),
(323, 'García Domínguez, Pablo', '4 ESO C'),
(324, 'García Estráviz, Jesús', '1 Bach B'),
(325, 'García Fernández, Mario', '2 ESO A'),
(326, 'García Ferrer, Alejandro', '1 Bach A'),
(327, 'García Ferrer, Ana Belén', '2 ESO A'),
(328, 'García Gago, Jaime', '4 ESO C'),
(329, 'García Gallardo, Adrián', '2 Bach E'),
(330, 'García García, Iván', '3 ESO D'),
(331, 'García García, Odei', '3 ESO C'),
(332, 'García Goma, Sergio', '2 Bach E'),
(333, 'García Gómez, Carmen María', '2 Bach C'),
(334, 'García González, Jesús', '1 Bach A'),
(335, 'García Jaén, Álvaro', '3 ESO B'),
(336, 'García Jaén, Pablo', '1 ESO F'),
(337, 'García Marín, Felisa', '2 ESO E'),
(338, 'García Martínez, Ramón', '2CFGSA'),
(339, 'García Moncayo, Alejandro', '4 ESO C'),
(340, 'García Moreno, Cristina', '1 Bach A'),
(341, 'García Navarro, Nerea', '2 Bach C'),
(342, 'García Núñez, Pedro Manuel', '2 Bach B'),
(343, 'García Ortegón, Manuel Vicente', '3 ESO C'),
(344, 'García Ramírez, José Carlos', '4 ESO B'),
(345, 'García Rodríguez, Francisco Javier', '2 Bach D'),
(346, 'García Rodríguez, Francisco-Antonio', '2 Bach D'),
(347, 'García Román, Elena', '3 ESO C'),
(348, 'García Román, José María', '4 ESO D'),
(349, 'García Romero, María', '2 Bach B'),
(350, 'García Rondán, Jesús Manuel', '2CFGSA'),
(351, 'García Ruiz, Cristina', '1 ESO D'),
(352, 'García Sánchez, Jesús', '1 Bach E'),
(353, 'García Silva, María', '2 ESO B'),
(354, 'Garrido Caro, Lucía', '4 ESO D'),
(355, 'Garrido Cobos, Baldomero', '2 Bach E'),
(356, 'Garrido Gómez, Luis', '1CFGSA'),
(357, 'Garrido Jaén, Blanca', '4 ESO A'),
(358, 'Garrido Moreno, Juan Manuel', '3 ESO B'),
(359, 'Garzón Álvarez, Miguel Ángel', '2 Bach B'),
(360, 'Gavilán Capote, María Rocío', '4 ESO D'),
(361, 'Gerasimov , Artem', '2 ESO E'),
(362, 'Gil Bellido, Pedro', '2 ESO A'),
(363, 'Gil Camarena, José Ricardo', '1 Bach E'),
(364, 'Gil Galisteo, Antonio Jesús', '2 ESO F'),
(365, 'Gil Gálvez, Alberto', '2 ESO D'),
(366, 'Gil Guirola, Miguel', '1 ESO F'),
(367, 'Gil Santana, José María', '4 ESO C'),
(368, 'Gil Vázquez, Fernando', '1 ESO A'),
(369, 'Giráldez Capel, Sara', '1 ESO D'),
(370, 'Girón Ocaña, Antonio', '2 ESO A'),
(371, 'Girón Setó, Mercedes', '2 Bach C'),
(372, 'Gómez Buitrago, Cristian Camilo', '4 ESO C'),
(373, 'Gómez Casal, Alejandro', '1 ESO C'),
(374, 'Gómez Castro, José', '4 ESO B'),
(375, 'Gómez González, Pablo', '1 Bach E'),
(376, 'Gómez Hernández, Tiara', '3 ESO D'),
(377, 'Gómez Nieto, María José', '2 ESO E'),
(378, 'Gómez Ortega, Francisco Javier', '2 Bach D'),
(379, 'Gómez Ortiz, Laura', '2 ESO D'),
(380, 'Gómez Panal, Juan Manuel', '1 Bach E'),
(381, 'Gómez Román, Mónica', '3 ESO C'),
(382, 'Gómez Serrano, Miguel Ángel', '1 ESO C'),
(383, 'González Barrera, Eva María', '2CFGSA'),
(384, 'González Basallote, Javier', '2 ESO F'),
(385, 'González Carrera, Rocío', '2 ESO B'),
(386, 'González Casillas, Enrique', '1 Bach E'),
(387, 'González Galán, Francisco Javier', '4 ESO B'),
(388, 'González Gómez, Ana', '2 ESO D'),
(389, 'González Marín, Daniel', '2CFGSA'),
(390, 'González Peña, Paula', '1 ESO E'),
(391, 'González Pérez, Marta', '2 ESO A'),
(392, 'González Pozo, Miguel', '1CFGSA'),
(393, 'González Ramírez, Alejandro', '2 ESO A'),
(394, 'González Ramírez, Estrella', '3 ESO A'),
(395, 'González Ramírez, María', '1 Bach D'),
(396, 'González Romero, María Isabel', '2 Bach D'),
(397, 'González Sánchez, Laura', '1 Bach A'),
(398, 'González Sánchez, Raúl', '1 ESO F'),
(399, 'Gordillo Vega, Christian', '1 ESO D'),
(400, 'Granados García, Francisco José', '2 Bach C'),
(401, 'Granados Morales, Sonia', '1 Bach A'),
(402, 'Grande Peña, Sergio', '1 Bach C'),
(403, 'Grimaldi Alcina, Antonio', '1 Bach D'),
(404, 'Guerra Benítez, Patricia', '3 ESO D'),
(405, 'Guerra Buitrago, Paula', '3 ESO D'),
(406, 'Guerra Guede, Francisco Javier', '3 ESO B'),
(407, 'Guerrero Benítez, Irene', '4 ESO B'),
(408, 'Guerrero Morón, María', '2 ESO D'),
(409, 'Guijarro Jiménez, Ainhoa', '3 ESO D'),
(410, 'Guillén De la Cruz, Carmen', '1 Bach A'),
(411, 'Guitarte Fernández, Juan Antonio', '3 ESO B'),
(412, 'Gutiérrez Barrero, Alejandro', '1 ESO E'),
(413, 'Gutiérrez Pina, Marta', '3 ESO A'),
(414, 'Gutiérrez Pina, Mónica', '1 Bach E'),
(415, 'Guzmán Enri, Pablo', '3 ESO A'),
(416, 'Guzmán Florido, Elena', '1 ESO B'),
(417, 'Guzmán Florido, Juan Manuel', '4 ESO B'),
(418, 'Hennawi Ramírez, Mario', '2CFGSA'),
(419, 'Heredia Soto, David', '1 Bach C'),
(420, 'Hermoso Abadía, Javier', '3 ESO B'),
(421, 'Herrera Betis, Francisco', '4 ESO C'),
(422, 'Herrera Betis, Míriam', '2 ESO B'),
(423, 'Herrera Bonilla, Abraham', '4 ESO C'),
(424, 'Herrera Bonilla, Miguel', '2 Bach D'),
(425, 'Herrera Pérez, Cristina', '2 ESO D'),
(426, 'Herrera Rivas, Carlos José', '3 ESO C'),
(427, 'Hidalgo Román, Enrique', '2 ESO A'),
(428, 'Hierro Cabrera, Raúl', '2 Bach A'),
(429, 'Holgado Ramírez, José Antonio', '2 Bach C'),
(430, 'Holgado Veneroso, María', '2 ESO E'),
(431, 'Holgado Veneroso, Rocío', '1 ESO A'),
(432, 'Ibáñez Álvarez, Raquel', '1 Bach B'),
(433, 'Ibáñez Herrera, Manuel', '2 ESO F'),
(434, 'Iglesia Viñas, Juan Antonio', '1 Bach B'),
(435, 'Iglesias Cabello, Antonio Jesús', '1 Bach A'),
(436, 'Inarejos Hedrera, Ángel', '1 Bach E'),
(437, 'Infante García, Juan José', '1 Bach B'),
(438, 'Infante Jiménez, María del Mar', '1 Bach C'),
(439, 'Izquierdo Osorio, Alejandra', '2 ESO C'),
(440, 'Jaén Torné, Daniel', '1 ESO F'),
(441, 'Jesús Bazán, Alejandro', '2 ESO E'),
(442, 'Jiménez Alcocer, Yaiza', '2 ESO D'),
(443, 'Jiménez Bonilla, Mario', '1 Bach C'),
(444, 'Jiménez Brenes, Carla', '4 ESO B'),
(445, 'Jiménez Brenes, Juan Carlos', '1 ESO A'),
(446, 'Jiménez Fernánez, Andrea', '2 ESO C'),
(447, 'Jiménez Holguín, Irene', '2 Bach C'),
(448, 'Jiménez Jiménez, Malena', '1 ESO B'),
(449, 'Jiménez López, Alejandra', '2 Bach E'),
(450, 'Jiménez López, Andrea', '1 ESO F'),
(451, 'Jiménez Mármol, M Jesús', '1 Bach C'),
(452, 'Jiménez Montes de Oca, Jesús', '1 ESO D'),
(453, 'Jiménez Padilla, María', '2 ESO D'),
(454, 'Jiménez Partida, Andrés', '1 Bach B'),
(455, 'Jiménez Peña, Celia', '2 ESO F'),
(456, 'Jiménez Román, Sheila', '2 Bach A'),
(457, 'Jiménez Romero, Ana', '1 ESO F'),
(458, 'Jiménez Romero, María', '1 Bach C'),
(459, 'Jurado Castro, José Manuel', '2CFGSA'),
(460, 'Lahera Ferrer, Josefa', '1 ESO A'),
(461, 'Lahera Ferrer, Rosa María', '1 ESO E'),
(462, 'Laínez Herrera, Daniel', '2 ESO D'),
(463, 'Lanza Hernández, Iván', '4 ESO C'),
(464, 'Lara Bejarano, Marina', '2 Bach B'),
(465, 'Lara Bejarano, Séfora', '2 ESO C'),
(466, 'Lara Calderón, Iván', '3 ESO C'),
(467, 'Lara Carrera, Luís', '3 ESO D'),
(468, 'Lara Naranjo, Francisco José', '3 ESO D'),
(469, 'Lasanta Pérez, Patricio', '2 ESO C'),
(470, 'Lebrón Pérez, Zoe', '1 Bach D'),
(471, 'Legal Guillamondegui, María Victoria', '1 ESO F'),
(472, 'Legal Guillamondegui, Tomás Jacobo', '2 ESO D'),
(473, 'Leira Brenes, Beatriz', '1 Bach E'),
(474, 'Leira Fernández, Sonia', '2 Bach B'),
(475, 'Lema Ivison, Patricia', '3 ESO A'),
(476, 'León Palma, Daniel', '3 ESO B'),
(477, 'Letrán Barrios, Luís', '4 ESO D'),
(478, 'Letrán García, Fernando', '1 Bach D'),
(479, 'Letrán García, Noelia', '1 ESO C'),
(480, 'Llamas Cordero, Miguel Ángel', '1 ESO D'),
(481, 'Lloret Ramírez, Abel', '1 Bach B'),
(482, 'Lobato Cañas, Noemí', '1 ESO E'),
(483, 'Lobo Morales, Andrea', '1 ESO E'),
(484, 'López Bejarano, Claudia', '3 ESO C'),
(485, 'López Bejarano, Jaime', '2 Bach A'),
(486, 'López Castro, Luisa', '3 ESO B'),
(487, 'López Domínguez, Adriana', '3 ESO B'),
(488, 'López Fernández, Carolina', '2CFGSA'),
(489, 'López Flor, Pilar María', '1 ESO F'),
(490, 'López Flores, Paloma', '2 Bach B'),
(491, 'López Franco, Laura', '4 ESO B'),
(492, 'López García, Claudia', '2 Bach B'),
(493, 'López Guerra, Adrián', '4 ESO C'),
(494, 'López Guerra, Sergio', '1 ESO F'),
(495, 'López Jiménez, Alejandra', '1 Bach B'),
(496, 'López Maciel, Elbio Neitán', '2 ESO D'),
(497, 'López Román, Gonzalo', '1 Bach E'),
(498, 'López Román, Laura', '2 Bach B'),
(499, 'López Sánchez, Iris', '2 Bach E'),
(500, 'López Vega, Cristina', '2 Bach D'),
(501, 'López Vega, Elena', '1 Bach C'),
(502, 'Lorenzo García, Cristian', '1 Bach C'),
(503, 'Lozano Gómez, María', '2 ESO B'),
(504, 'Lozano Márquez, Cayetano José', '2CFGSA'),
(505, 'Luna Barrero, Israel', '1 ESO D'),
(506, 'Luque Varela, María', '2 ESO C'),
(507, 'Macías Fernández, Adrián', '2 ESO F'),
(508, 'Macías Soto, Sara', '2 ESO D'),
(509, 'Maestre Moreiras, Desiré', '1 ESO B'),
(510, 'Magdalena López, Marina', '3 ESO B'),
(511, 'Magnien Olmo, Ana María', '1 Bach A'),
(512, 'Malvido Nieves, Juan Manuel', '1 Bach C'),
(513, 'Malvido Nieves, Laura', '4 ESO C'),
(514, 'Mancilla Raposo, Claudia', '1 ESO D'),
(515, 'Mañana Ramos, Tatiana', '2 ESO F'),
(516, 'Marcelo González, Juan Manuel', '2 ESO D'),
(517, 'Marchena Zúñiga, Nerea', '1 Bach E'),
(518, 'Marín Carpio, María José', '2 ESO B'),
(519, 'Marín Carpio, Mercedes', '2 Bach D'),
(520, 'Marín Chacón, Francisco Javier', '1 ESO B'),
(521, 'Marín Martínez, Manuel Antonio', '1 ESO D'),
(522, 'Mariscal Ordóñez, Ariana', '2 Bach D'),
(523, 'Mariscal Ordóñez, Isabel', '2 ESO F'),
(524, 'Mariscal Villa, Tania', '2CFGSA'),
(525, 'Márquez Bellido, Alberto', '1 ESO A'),
(526, 'Márquez Jiménez, José María', '4 ESO C'),
(527, 'Márquez Séllez, María Dolores', '2 ESO F'),
(528, 'Márquez Troya, Carmen', '1 Bach E'),
(529, 'Martín Alconchel, Iván', '2 Bach E'),
(531, 'Martín Calvente, Laura', '2 ESO B'),
(532, 'Martín Espinar, Cinthia', '1 ESO E'),
(533, 'Martín Leal, Raquel', '1 Bach A'),
(534, 'Martín Pinteño, Sara', '3 ESO D'),
(535, 'Martín Ramos, Álvaro', '1 Bach C'),
(536, 'Martínez Escalera, Cristina', '1 ESO E'),
(537, 'Martínez García, Juan Ramón', '2 ESO F'),
(538, 'Martínez Lamett, Esther', '1 ESO B'),
(539, 'Martínez Lamett, Miguel Ángel', '2 Bach B'),
(540, 'Martínez Mancilla, Paula', '1 ESO B'),
(541, 'Martínez Romero, Tamara', '2 ESO D'),
(542, 'Martínez Romero, Tania', '2 Bach A'),
(543, 'Martínez Soto, Laura', '3 ESO C'),
(544, 'Mateos Jiménez, Fátima', '2 ESO F'),
(545, 'Mateos Lema, Juan', '4 ESO A'),
(546, 'Mayolín Moscoso, David', '3 ESO B'),
(547, 'Mediavilla Ramírez, Lucía', '2 ESO D'),
(548, 'Mediavilla Rodríguez, Rubén', '4 ESO A'),
(549, 'Medina Cárdenas, Paula', '4 ESO A'),
(550, 'Medina Fernández, Francisco José', '2 Bach B'),
(551, 'Medina Fernández, Marta', '3 ESO A'),
(552, 'Medina Flores, Gabriel', '1 Bach E'),
(553, 'Medina Jiménez, Alfonso', '2 ESO A'),
(554, 'Medina Soto, Francisco Javier', '1 ESO D'),
(555, 'Medrano Villalba, Luísa', '1 ESO D'),
(556, 'Medyukh , Andriy', '2CFGSA'),
(557, 'Melero Gallego, Nerea', '1 ESO C'),
(558, 'Melián Mármol, Alejandro', '3 ESO B'),
(559, 'Menacho Martínez, Victoria Estrella', '2 ESO A'),
(560, 'Menacho Vega, Gabriel', '1 Bach B'),
(561, 'Méndez Franco, Alejandro', '2 Bach E'),
(562, 'Mendoza Barea, Rafael', '3 ESO A'),
(563, 'Mendoza García, María del Carmen', '2 ESO A'),
(564, 'Merino Borrego, Celia', '2 ESO C'),
(565, 'Merino Ruiz, Alberto', '2 ESO F'),
(566, 'Mesa Calvo, Manuel Jesús', '1 Bach B'),
(567, 'Mesa Jiménez, Inmaculada Concepción', '2 Bach E'),
(568, 'Mesa Reyes, Alejandro', '1 ESO A'),
(569, 'Miquel Medina, Jordi Mario', '4 ESO D'),
(570, 'Molina Gutiérrez, Daniel Evaristo', '4 ESO B'),
(571, 'Molina Sánchez, Antonio', '2 ESO D'),
(572, 'Molina Sánchez, Estefanía', '2 Bach C'),
(573, 'Monge Carabante, Fernando', '1CFGSA'),
(574, 'Montalvo Del Valle, Eva', '1 Bach A'),
(575, 'Montero Cabrera, Ana Alicia', '1 Bach D'),
(576, 'Montero Lomas, Marta', '2 Bach A'),
(577, 'Montero Macías, Celia', '2 ESO B'),
(578, 'Montero Macías, Paola', '1 Bach E'),
(579, 'Montero Poveda, María Isabel', '1 Bach D'),
(580, 'Montes Virués, Míriam', '4 ESO B'),
(581, 'Morales Corbacho, José Antonio', '2 ESO C'),
(582, 'Morales Fernández, Irene', '1 Bach E'),
(583, 'Morales Muñoz, Ana María', '1 Bach A'),
(584, 'Morales Muñoz, José Luis', '3 ESO D'),
(585, 'Morales Zapata, Alejandro Javier', '1 Bach C'),
(586, 'Morato Frías, Alejandro', '3 ESO A'),
(587, 'Moreno Bravo, Águeda Carmen', '2 ESO C'),
(588, 'Moreno Castro, Rafael', '4 ESO D'),
(589, 'Moreno Celis, Manuel Antonio', '1 ESO F'),
(590, 'Moreno Coimbra, Fabiana', '4 ESO A'),
(591, 'Moreno García, Lidia', '2 ESO F'),
(592, 'Moreno Giraldo, Ana', '2 Bach D'),
(593, 'Moreno Giraldo, María', '2 ESO C'),
(594, 'Moreno Gómez, Jesús Alberto', '1CFGSA'),
(595, 'Moreno Martín, Luis', '1 Bach A'),
(596, 'Moreno Peña, Francisco Javier', '2 ESO E'),
(597, 'Moreno Peña, Manuel', '1 Bach A'),
(598, 'Moreno Pimentel, Antonio José', '4 ESO A'),
(599, 'Moreno Pimentel, Claudia', '2 Bach D'),
(600, 'Moreno Ramírez, Alejandro', '2 ESO B'),
(601, 'Moreno Ramos, Cristina', '1 Bach A'),
(602, 'Moreno Romero, Abelardo José', '2 Bach C'),
(603, 'Moreno Sánchez, Julio Alberto', '1 ESO A'),
(604, 'Moreno Teig, Paula', '2 Bach A'),
(605, 'Morilla Romero, José Luis', '1 ESO F'),
(606, 'Morillo Montañés, Teresa', '3 ESO A'),
(607, 'Morión González, Laura', '1 ESO B'),
(608, 'Morón López, Victoria', '1 ESO D'),
(609, 'Moscoso Carrasco, Francisco Javier', '1 ESO C'),
(610, 'Moure Maestro, Manuel', '1 Bach A'),
(611, 'Muñoz Franco, Alba', '2 Bach D'),
(612, 'Muñoz Franco, Lidia', '2 ESO C'),
(613, 'Muñoz Pica, Antonio José', '2CFGSA'),
(614, 'Muñoz Romero, Alejandro', '1CFGSA'),
(615, 'Muñoz Segura, Victoria', '2 Bach B'),
(616, 'Naranjo Ramírez, David', '1 ESO F'),
(617, 'Natera Cauqui, Carlos', '2 Bach B'),
(618, 'Natera Cauqui, Noelia', '3 ESO A'),
(619, 'Navarro Vilches, Celia', '2 ESO E'),
(620, 'Navas Barea, Natalia', '1 Bach C'),
(621, 'Navas Barea, Salvador', '3 ESO C'),
(622, 'Navia Osorio, Camila Cristina', '1 Bach B'),
(623, 'Neira Ríos, María del Carmen', '2 ESO D'),
(624, 'Nieve Valle, Ana', '3 ESO A'),
(625, 'Nieves Valle, Yolanda', '2 Bach D'),
(626, 'Núñez Campos, Claudia', '2 ESO F'),
(627, 'Núñez Cañero, Andrea', '3 ESO A'),
(628, 'Núñez García, Anabel', '1 Bach A'),
(629, 'Núñez Heredia, Rafael', '2 Bach B'),
(630, 'Núñez Serrano, Vanesa', '2 ESO A'),
(631, 'Núñez Vázquez, Melany', '4 ESO B'),
(632, 'Nuño Pérez, Pablo', '4 ESO D'),
(633, 'Oca Cubillana, Juan Alejandro', '2 ESO F'),
(634, 'Ocaña García, Andrea', '4 ESO B'),
(635, 'Ochoa Acuña, Daniel', '2 Bach C'),
(636, 'Ojeda López, Roberto', '3 ESO A'),
(637, 'Oliva García, Arturo', '2 ESO A'),
(638, 'Oliva González, Miguel Ángel', '1 ESO F'),
(639, 'Olivero López, Luis Miguel', '4 ESO C'),
(640, 'Olivero Martínez, Christian', '1 ESO B'),
(641, 'Olmedo Arias, Blanca', '1 Bach D'),
(642, 'Olmo Rosado, Roberto', '1 Bach E'),
(643, 'Ordóñez Celis, Ismael', '4 ESO B'),
(644, 'Orellana De los Santos, José Luis', '2 ESO F'),
(645, 'Orellana Moreno, Marta', '4 ESO B'),
(646, 'Ortega Becerra, Rocío', '4 ESO D'),
(647, 'Ortega Fernández, Silvia', '1 ESO D'),
(648, 'Ortega Manday, Ismael', '2 ESO E'),
(649, 'Ortega Rechi, Elena', '3 ESO C'),
(650, 'Ortega Rivera, Marta', '2 Bach A'),
(651, 'Ortega Romero, José', '2 ESO E'),
(652, 'Ortega Torrent, José Antonio', '3 ESO D'),
(653, 'Ortegón Valero, Jesús', '1 ESO E'),
(654, 'Ortiz Salguero, Iván', '2 ESO F'),
(655, 'Osorio García, María del Rocío', '1 Bach B'),
(656, 'Otalvaro Ocampo, Aslhie', '4 ESO B'),
(657, 'Otero Pérez, Jaime', '3 ESO D'),
(658, 'Pacheco León, Jesús', '1CFGSA'),
(659, 'Pacheco Valderrama, Miguel Ángel', '2 ESO F'),
(660, 'Pachón Cla, Marta', '1 Bach C'),
(661, 'Padilla Carrascosa, Ana', '3 ESO C'),
(662, 'Padilla Moreno, Catalina Rocío', '2CFGSA'),
(663, 'Páez López, Javier', '1 ESO B'),
(664, 'Palacios Romero, Antonio José', '1 ESO A'),
(665, 'Palma Moreno, Carmen', '1 Bach D'),
(666, 'Palomino Tirado, María de los Ángeles', '2 Bach B'),
(667, 'Panadero Rubio, Elisabeht', '4 ESO B'),
(668, 'Panadero Rubio, Francisco Miguel', '1 ESO F'),
(669, 'Panal García, Rocío', '1 Bach A'),
(670, 'Panal Lamela, Samuel', '2 Bach C'),
(671, 'Parababi Cadenas, Yulbrider', '1 ESO A'),
(672, 'Parra Macías, Jesús', '2 ESO E'),
(673, 'Parra Márquez, Manuel Jesús', '3 ESO D'),
(674, 'Parrao Moreno, Antonio', '1CFGSA'),
(675, 'Partida Gutiérrez, Jesús', '1 Bach B'),
(676, 'Partida Lechuga, Noelia', '3 ESO B'),
(677, 'Pastrana Baptista, Gloria Cecilia', '1CFGSA'),
(678, 'Patiño Jaén, Luis Miguel', '3 ESO B'),
(679, 'Pendín Díaz, Julián Daniel', '1 ESO E'),
(680, 'Peña Román, Francisco Javier', '2 Bach C'),
(681, 'Perea Sánchez, Manuel', '1 ESO D'),
(682, 'Pérez Álvarez, Africa', '2 ESO B'),
(683, 'Pérez Barberá, Carolina', '1 Bach D'),
(684, 'Pérez Bordoy, Aina', '2 ESO F'),
(685, 'Pérez Bordoy, Manuel', '1 Bach C'),
(686, 'Pérez De los Santos, Gonzalo', '2 ESO B'),
(687, 'Pérez De los Santos, Juan Luís', '1 Bach B'),
(688, 'Pérez Díaz, David', '1 ESO A'),
(689, 'Pérez Diosdado, Alejandro', '2 Bach D'),
(690, 'Pérez Diosdado, Manuel Andrés', '1 ESO F'),
(691, 'Pérez Llorente, Lucía', '1 ESO B'),
(692, 'Pérez Lobo, Ana Cristina', '2 Bach C'),
(693, 'Pérez Lorenzo, Paula', '4 ESO B'),
(694, 'Pérez Macías, Inmaculada', '4 ESO D'),
(695, 'Pérez Parra, Leandro', '2 ESO C'),
(696, 'Pérez Prieto, Juan Álvaro', '2 ESO B'),
(697, 'Pérez Rejón, Antonio', '4 ESO C'),
(698, 'Pérez Rejón, David', '2 ESO D'),
(699, 'Pérez Romero, Enrique', '3 ESO C'),
(700, 'Pérez Tinajero, José Antonio', '2 ESO D'),
(701, 'Pérez Valenzuela, Esther', '2 ESO C'),
(702, 'Pimentel Cornejo, Alba', '3 ESO C'),
(703, 'Pimentel Vidal, Arantza', '2 Bach D'),
(704, 'Pina Troncoso, Juan Miguel', '1 Bach B'),
(705, 'Pineda Ardila, Ana Isabel', '4 ESO B'),
(706, 'Pineda Ardila, María Teresa', '2 Bach A'),
(707, 'Pino Lara, Javier', '3 ESO C'),
(708, 'Pinto Mateos, Dulce Jasmín', '1 Bach D'),
(709, 'Piñeiro Sánchez, Francisco', '4 ESO B'),
(710, 'Piñero Menacho, Ismael', '2CFGSA'),
(711, 'Piñero Morilla, Marta', '2 Bach B'),
(712, 'Plaza Carazo, María', '1 ESO F'),
(713, 'Polo Ruiz, Carlos', '3 ESO A'),
(714, 'Porto Partida, Francisco José', '1 Bach A'),
(715, 'Porto Quevedo, Jesús', '1 Bach D'),
(716, 'Poveda Hierro, Elio', '4 ESO A'),
(717, 'Prieto Franco, José Manuel', '1 ESO E'),
(718, 'Prieto Losada, Raúl', '4 ESO D'),
(719, 'Prieto Ruiz, Andrea', '2 ESO F'),
(720, 'Quirós Moreno, Alejandro', '3 ESO C'),
(721, 'Quirós Ramírez, Juan Miguel', '1 ESO A'),
(722, 'Quirós Ramírez, Mírian', '1 Bach A'),
(723, 'Quirós Romero, Daniel', '3 ESO C'),
(724, 'Ramírez Carrera, Alba', '4 ESO B'),
(725, 'Ramírez Crespo, Pablo', '1CFGSA'),
(726, 'Ramírez Jiménez, Aarón', '1 ESO A'),
(727, 'Ramírez Laynez, Paola', '2 ESO A'),
(728, 'Ramírez Martín, Juan Pedro', '1 ESO E'),
(729, 'Ramírez Merino, Alejandro', '4 ESO C'),
(730, 'Ramírez Merino, Andrea', '1 ESO A'),
(731, 'Ramírez Moreno, Milagros', '1 ESO B'),
(732, 'Ramírez Peña, Lourdes', '1 ESO A'),
(733, 'Ramírez Troya, Juan José', '4 ESO C'),
(734, 'Ramos Almagro, Ezequiel', '2 Bach A'),
(735, 'Ramos García, José Antonio', '2 Bach E'),
(736, 'Ramos García, Manuel Jesús', '1 ESO F'),
(737, 'Ramos González, Pablo', '2 Bach D'),
(738, 'Ramos Marín, Pedro', '2CFGSA'),
(739, 'Ramos Pozo, Carlos', '2 Bach E'),
(740, 'Ramos Vázquez, José Miguel', '4 ESO A'),
(741, 'Raya Toro, Alfonso Javier', '1 Bach B'),
(742, 'Real Reina, Cristina', '2 Bach A'),
(743, 'Reina Palomeque, Alejandro', '1CFGSA'),
(744, 'Rejón Pérez, Fátima', '1 ESO C'),
(745, 'Repiso Barba, Francisco Jesús', '1 ESO E'),
(746, 'Requejo Borrego, Alejandro', '1 ESO A'),
(747, 'Revuelta Gil, Cristina', '3 ESO C'),
(748, 'Rey Sánchez, Thais', '2 ESO C'),
(749, 'Rey Zambrano, Alejandro Javier del', '2 ESO B'),
(750, 'Rey Zambrano, Luís Miguel del', '2 Bach B'),
(751, 'Reyes Gordillo, María', '4 ESO B'),
(752, 'Reyes Romero, Manuel de los', '1CFGSA'),
(753, 'Ríos Gallardo, Raquel', '1 ESO D'),
(754, 'Rivas Jaén, Cecilia', '1 ESO C'),
(755, 'Rivera Cabrera, Francisco', '1 ESO D'),
(756, 'Rodríguez Carrasco, Ricardo', '2 ESO E'),
(757, 'Rodríguez Castle, Christian', '1 ESO C'),
(758, 'Rodríguez Castle, Samantha', '2 Bach A'),
(759, 'Rodríguez Fuego, José Luis', '2CFGSA'),
(760, 'Rodríguez García, Roberto', '1 Bach B'),
(761, 'Rodríguez Gutiérrez, Paloma', '1 Bach D'),
(762, 'Rodríguez Jiménez, Elena', '1 ESO D'),
(763, 'Rodríguez Jiménez, Laura', '1 ESO C'),
(764, 'Rodríguez Lugo, Begoña', '1 ESO C'),
(765, 'Rodríguez Martín, Ana Auxiliadora', '2 Bach E'),
(766, 'Rodríguez Muñoz, José Luis', '1 Bach B'),
(767, 'Rodríguez Parrado, Bernardo', '1CFGSA'),
(768, 'Rodríguez Pérez, Daniel', '1 ESO B'),
(769, 'Rodríguez Pérez, Javier', '2CFGSA'),
(770, 'Rodríguez Pérez, Ricardo', '1 Bach C'),
(771, 'Rodríguez Riesco, Lorenzo', '4 ESO A'),
(772, 'Rodríguez Ruiz, Mercedes Monserrat', '1 Bach E'),
(773, 'Rodríguez Sañudo, Míriam', '3 ESO C'),
(774, 'Rodríguez Vega, Marina', '1 Bach D'),
(775, 'Roldán Jaén, Isabel María', '3 ESO D'),
(776, 'Rollán Mateos, Pablo Javier', '2 Bach E'),
(777, 'Román Cordero, Isabel María', '1 Bach D'),
(778, 'Román De Jesús, Nazareth', '2 ESO A'),
(779, 'Román Hedrera, Noelia del Carmen', '3 ESO B'),
(780, 'Román López, Juan Pedro', '1CFGSA'),
(781, 'Román Miranda, Jonatan', '1CFGSA'),
(782, 'Román Moreno, Rocío', '4 ESO B'),
(783, 'Román Reina, Alejandro', '2CFGSA'),
(784, 'Román Reina, Enrique José', '2 Bach E'),
(785, 'Román Sánchez, José Alberto', '2 Bach D'),
(786, 'Romero Arias, Ana Mengjie', '1 ESO F'),
(787, 'Romero Arias, Manuel', '1 Bach E'),
(788, 'Romero Arias, Pablo', '4 ESO C'),
(789, 'Romero Bernal, Paula', '2 Bach A'),
(790, 'Romero Borrego, María del Carmen', '1 ESO A'),
(791, 'Romero Borrego, María Teresa', '3 ESO B'),
(792, 'Romero Cabrera, Manuel', '2 Bach B'),
(793, 'Romero Gago, José Antonio', '4 ESO D'),
(794, 'Romero Hidalgo, Pedro', '1 Bach C'),
(795, 'Romero Laínez, Marina', '2 Bach B'),
(796, 'Romero Llamas, Alejandro', '2 Bach C'),
(797, 'Romero Martín, Cristian', '2 ESO F'),
(798, 'Romero Orellana, Desiree', '2 Bach C'),
(799, 'Romero Rodríguez, Juan Antonio', '4 ESO A'),
(800, 'Romero Sánchez, Patricia', '2 Bach A'),
(801, 'Romero Tejero, José Luis', '1CFGSA'),
(802, 'Romero Valencia, Alejandro', '1 ESO D'),
(803, 'Romero Valencia, Francisco Javier', '4 ESO C'),
(804, 'Rosa Muñoz, Carla', '1 ESO B'),
(805, 'Rosa Orellana, Paula', '3 ESO C'),
(806, 'Rosa Pérez, Verónica', '1 Bach A'),
(807, 'Rozano De los Ríos, José Luis', '1CFGSA'),
(808, 'Rubiales González, Noelia', '2 Bach D'),
(809, 'Rubio García, María Jesús', '1 Bach B'),
(810, 'Rubio Ladra, Paula', '4 ESO A'),
(811, 'Rufo Sánchez, Vanesa', '1 ESO E'),
(812, 'Ruiz Caraballo, Jesús', '1CFGSA'),
(813, 'Ruiz López, Ana', '2 Bach D'),
(814, 'Ruiz López, José', '2 Bach E'),
(815, 'Ruiz Pino, Silvia', '2 Bach C'),
(816, 'Ruiz Ríos, Jordi', '1 ESO E'),
(817, 'Ruiz Romero, Pedro de Jesús', '2CFGSA'),
(818, 'Ruiz Ruiz, Cecilia María', '1 Bach A'),
(819, 'Ruiz Sepúlveda, Manuel Jesús', '4 ESO D'),
(820, 'Ruiz de Castro Ríos, Ezequiel', '1 Bach A'),
(821, 'Saborido Ramírez, José Antonio', '1 ESO E'),
(822, 'Salazar Espinoza, Arianis Andrea', '2 ESO F'),
(823, 'Salazar Espinoza, Kendall Obrayan', '4 ESO D'),
(824, 'Salazar Sierra, David Joshua', '4 ESO C'),
(825, 'Salazar Sierra, Leonardo Rubén', '2 ESO D'),
(826, 'Salguero Corbacho, Miguel', '2 ESO B'),
(827, 'Salguero Garrido, Carolina', '2CFGSA'),
(828, 'Salvador Guerrero, Rocío', '2 ESO F'),
(829, 'Sambruno Galera, Cristóbal', '4 ESO D'),
(830, 'Sambruno Valero, Pedro', '4 ESO B'),
(831, 'Sánchez Barrero, Alejandro', '2 ESO E'),
(832, 'Sánchez Barroso, Juan Manuel', '2 ESO A'),
(833, 'Sánchez Carrillo, Marina', '2 ESO A'),
(834, 'Sánchez Casado, Juan', '1 ESO B'),
(835, 'Sánchez García, Francisco José', '1 ESO C'),
(836, 'Sánchez Gómez, Ana', '1 Bach C'),
(837, 'Sánchez Guerrero, Juan Carlos', '1 ESO B'),
(838, 'Sánchez Gutiérrez, María del Carmen', '2 ESO D'),
(839, 'Sánchez Jiménez, Jaime', '2 ESO B'),
(840, 'Sánchez López, Carlos', '2 Bach E'),
(841, 'Sánchez Neira, María del Mar', '2 ESO B'),
(842, 'Sánchez Oñate, Sonia', '2 ESO C'),
(843, 'Sánchez Ortega, Alberto', '2 Bach E'),
(844, 'Sánchez Quesada, Laura', '2 ESO F'),
(845, 'Sánchez Ramírez, Álvaro', '1 ESO E'),
(846, 'Sánchez Ramírez, Ana María', '4 ESO A'),
(847, 'Sánchez Rodríguez, Darío', '1 ESO C'),
(848, 'Sánchez Rodríguez, Marta', '2 ESO C'),
(849, 'Sánchez Rodríguez, Paula', '1 Bach D'),
(850, 'Sánchez Romero, Celeste', '1 Bach D'),
(851, 'Sánchez Ruíz, Ana Belén', '4 ESO B'),
(852, 'Sánchez Salas, Esther', '1 ESO B'),
(853, 'Sánchez Salas, Lucía', '3 ESO A'),
(854, 'Sánchez Sánchez, Míriam', '4 ESO A'),
(855, 'Sánchez-Gadeo Medina, Guillermo', '1 Bach D'),
(856, 'Sandalio Gordillo, Jorge', '2 Bach E'),
(857, 'Sandalio Gordillo, María del Mar', '3 ESO B'),
(858, 'Sanduvete Becerra, Juan Manuel', '3 ESO C'),
(859, 'Santos Carvalho, Alejandro', '3 ESO D'),
(860, 'Santos Ceballos, David', '2 Bach E'),
(861, 'Santos García, Zuleima', '2 Bach B'),
(862, 'Santos Troncoso, Laura', '2 ESO D'),
(863, 'Sanz Ramos, Ernesto', '2 ESO F'),
(864, 'Sanz Ramos, Jorge', '4 ESO D'),
(865, 'Saucedo Galindo, Rafael', '2CFGSA'),
(866, 'Sauci Frías, Cristina', '1 Bach B'),
(867, 'Segovia Pérez, José Adrián', '1 ESO E'),
(868, 'Serna Calle, Ariadna', '4 ESO B'),
(869, 'Serrano Soto, Alejandro', '1 ESO B'),
(870, 'Servino Ramírez, Antonio', '1 ESO E'),
(871, 'Sidi Mohamed, Abdelhay', '1 ESO D'),
(872, 'Sierra Jiménez, Carla', '1 ESO A'),
(873, 'Sierra Jiménez, María', '1 Bach D'),
(874, 'Soltys , Andriy', '2CFGSA'),
(875, 'Soria Jerez, Irene', '1 ESO F'),
(876, 'Sosa Porrúa, Manuel Jesús', '2 ESO F'),
(877, 'Sosa Ruiz, Carlos', '1 ESO B'),
(878, 'Soto Cruz, Francisco Javier', '4 ESO A'),
(879, 'Soto De Jesús, Lucía', '1 Bach E'),
(880, 'Soto Galán, Alejandro Jesús', '2 Bach D'),
(881, 'Soto Galán, María', '2 ESO B'),
(882, 'Soto Morales, Alberto', '2CFGSA'),
(883, 'Soto Peña, Alejandro', '3 ESO B'),
(884, 'Soto Pérez, Manuel Alejandro', '1 ESO D'),
(885, 'Soto Sánchez, María', '3 ESO D'),
(886, 'Soto Tamayo, Alejandro', '2 Bach E'),
(887, 'Soto Vázquez, Aarón', '1 ESO A'),
(888, 'Souto Gallegos, Joaquín', '2 Bach E'),
(889, 'Taboada Mateos, Samuel', '2CFGSA'),
(890, 'Tarrío Barroso, Carlos', '2 Bach D'),
(891, 'Tarrío Barroso, Ignacio', '1 Bach D'),
(892, 'Tejada Cosano, Daniel', '2 ESO B'),
(893, 'Tejada Cosano, Marcos', '4 ESO C'),
(894, 'Téllez Muñoz, Paola', '2 ESO C'),
(895, 'Tenorio Guerra, Carlos', '2 ESO F'),
(896, 'Tenorio Guerra, Jesús María', '2 Bach C'),
(897, 'Tinoco Herrera, Abraham', '2 ESO D'),
(898, 'Tinoco Sánchez, María', '1 ESO B'),
(899, 'Toledo Caravaca, Juan Jesús', '3 ESO A'),
(900, 'Toledo Mariscal, Tatiana', '2CFGSA'),
(901, 'Tomás Viejo, Paula', '1 Bach E'),
(902, 'Torrecilla Jiménez, Ángela', '1 Bach A'),
(903, 'Torres Amaya, Antonio', '4 ESO A'),
(904, 'Torres Guerrero, María', '4 ESO A'),
(905, 'Torres Pulido, José Antonio', '4 ESO A'),
(906, 'Torres Rubiales, Carlos Javier', '1 ESO C'),
(907, 'Torres Vázquez, Juan de Dios', '1 ESO C'),
(908, 'Trigo Valdecantos, María Isabel', '2 ESO C'),
(909, 'Trillo Ramírez, Cristian', '2 ESO C'),
(910, 'Trillo Ramírez, Salvador', '4 ESO C'),
(911, 'Trillo Verde, Iván', '3 ESO D'),
(912, 'Tristán Creo, Melodía', '2 Bach C'),
(913, 'Troncoso Solano, Pedro Pablo', '1 Bach D'),
(914, 'Trujillo Fernández, Damián', '2 ESO B'),
(915, 'Turón Rodríguez, Jaime', '2 ESO B'),
(916, 'Turón Rodríguez, Sergio', '4 ESO A'),
(917, 'Valenzuela García, Sara', '4 ESO D'),
(918, 'Valle Atienza, Lorena', '3 ESO C'),
(919, 'Valle Sánchez, Raquel', '3 ESO A'),
(920, 'Varela Martín, Beatriz', '1 Bach D'),
(921, 'Vargas González, Valentín', '1CFGSA'),
(922, 'Vargas Palomino, Manuel Jesús', '2 ESO E'),
(923, 'Varo Piñero, Oscar', '3 ESO D'),
(924, 'Vázquez Benavent, Raúl', '3 ESO D'),
(925, 'Vázquez González, Ángel', '1 ESO E'),
(926, 'Vázquez González, Rocío', '1 Bach C'),
(927, 'Vázquez Gutiérrez, Mercedes', '2 ESO F'),
(928, 'Vázquez Jiménez, María Auxiliadora', '2 Bach B'),
(929, 'Vázquez Rodríguez, Sergio', '2 Bach C'),
(930, 'Vázquez Romero, José Alberto', '2CFGSA'),
(931, 'Vega Acosta, Juan Carlos', '1 Bach B'),
(932, 'Vega Barba, Javier', '3 ESO D'),
(933, 'Vega Otero, Laura', '2 ESO B'),
(934, 'Vega Otero, Nuria', '1 Bach C'),
(935, 'Vela García, Antonio José', '1CFGSA'),
(936, 'Velarde Ramírez, Ana', '1 ESO A'),
(937, 'Velasco Prieto, Lara', '1 Bach D'),
(938, 'Velasco Prieto, Zoe', '3 ESO A'),
(939, 'Velázquez Salazar, Sergio', '4 ESO D'),
(940, 'Venegas Jiménez, Patricia', '3 ESO C'),
(941, 'Venegas Sánchez, Acoraida', '1 ESO E'),
(942, 'Vera Morión, Paloma de las Nieves', '2 Bach A'),
(943, 'Verde Verano, Laura', '3 ESO A'),
(944, 'Vidal García, Juan Carlos', '1 Bach B'),
(945, 'Vidal Osorio, Cristina', '4 ESO B'),
(946, 'Vidal Osorio, Juan José', '2 Bach B'),
(947, 'Villalá Mena, Cristian', '1 ESO C'),
(948, 'Villalba Bustamante, Andrea Dayana', '1 Bach E'),
(949, 'Villalba Vidal, Adrián', '4 ESO C'),
(950, 'Villalta Fernández, Marta', '4 ESO B'),
(951, 'Villanueva Sánchez, David', '1 ESO E'),
(952, 'Villar De la Flor, José Luís', '3 ESO D'),
(953, 'Villena Mármol, M Carmen', '1 Bach C'),
(954, 'Virgil De Rueda, Raimundo', '1 ESO B'),
(955, 'Yesa Ruiz, Antonio', '2CFGSA'),
(956, 'Zambrano Del Valle, Miguel Ángel', '1 Bach E'),
(957, 'Zambrano Pérez, Marta', '3 ESO B'),
(958, 'Zamora García, Daniel', '1CFGSA'),
(959, 'Zapata Buitrago, Roberth Steven', '2 Bach D'),
(960, 'Zarzana Ríos, Luisa', '4 ESO D'),
(961, 'Zarzana Ríos, Mercedes', '4 ESO D'),
(962, 'Zayas Castellano, Jorge Antonio', '2 ESO A'),
(963, 'Zuasti Guerrero, Ignacio', '2CFGSA');

-- --------------------------------------------------------

--
-- Table structure for table `tb_asignaciones`
--

CREATE TABLE IF NOT EXISTS `tb_asignaciones` (
  `idasignacion` int(10) NOT NULL COMMENT 'identificación de cada asignación',
  `profesor` int(2) NOT NULL COMMENT 'Id del profesor al que se le aplica la asignación',
  `materia` int(2) NOT NULL COMMENT 'Asignatura o materia que imparte',
  `datos` varchar(1000) COLLATE latin1_spanish_ci NOT NULL COMMENT 'Datos de id. de alumnos o curso asociado',
  `descripcion` varchar(300) COLLATE latin1_spanish_ci NOT NULL COMMENT 'Nombre corto que designa la asignación',
  `tutorada` tinyint(1) NOT NULL COMMENT 'Si está o no tutorada. Sí -->, No -->0'
) ENGINE=InnoDB AUTO_INCREMENT=14 DEFAULT CHARSET=latin1 COLLATE=latin1_spanish_ci;

--
-- Dumping data for table `tb_asignaciones`
--

INSERT INTO `tb_asignaciones` (`idasignacion`, `profesor`, `materia`, `datos`, `descripcion`, `tutorada`) VALUES
(7, 16, 12, '1ESOF#203', 'ASIG: EDUC CIUDADANÍA Y LOS DERECHOS HUMANOS, PROF: MARíA DEL CARM ESPEJO GUTIéRREZ DE TENA, CURSOS:  1ESOF, 2CFGSA', 1),
(10, 21, 38, '1ESOE', 'ASIG: TECNOLOGÍA, PROF: AURELIO GALLARDO RODRíGUEZ, CURSOS:  1ESOE', 1),
(11, 21, 38, '1ESOE#2ESOB', 'ASIG: TECNOLOGÍA, PROF: AURELIO GALLARDO RODRíGUEZ, CURSOS:  1ESOE, 2ESOB', 0),
(12, 21, 38, '26#60#90#156#369#412#505#532#536#608#745#867#870#925', 'ASIG: TECNOLOGÍA, PROF: AURELIO GALLARDO RODRíGUEZ, CURSOS:  1ESOD, 1ESOE', 1),
(13, 21, 30, '1ESOD#255#292', 'ASIG: LENGUA CASTELLANA Y LITERATURA, PROF: AURELIO GALLARDO RODRíGUEZ, CURSOS:  1ESOD, 2ESOA', 0);

-- --------------------------------------------------------

--
-- Table structure for table `tb_asignaturas`
--

CREATE TABLE IF NOT EXISTS `tb_asignaturas` (
  `idmateria` int(2) NOT NULL DEFAULT '0',
  `Materias` varchar(50) COLLATE latin1_spanish_ci DEFAULT NULL COMMENT 'Nombre de la materia a impartir',
  `Abr` varchar(3) COLLATE latin1_spanish_ci DEFAULT NULL COMMENT 'Abreviatura: tres letras en mayúsculas (OPCIONAL)'
) ENGINE=InnoDB DEFAULT CHARSET=latin1 COLLATE=latin1_spanish_ci;

--
-- Dumping data for table `tb_asignaturas`
--

INSERT INTO `tb_asignaturas` (`idmateria`, `Materias`, `Abr`) VALUES
(1, 'BIOLOGÍA Y GEOLOGÍA', 'BYG'),
(2, 'CAMBIOS SOCIALES Y DE GÉNERO', ''),
(3, 'CAMBIOS SOCIALES Y N.R.G.', ''),
(4, 'CIENCIAS NATURALES', 'CNA'),
(5, 'CIENCIAS PARA EL MUNDO CONTEMPORÁNEO', ''),
(6, 'CIENCIAS SOCIALES', 'CSO'),
(7, 'CULTURA CLÁSICA', ''),
(8, 'DIBUJO ARTÍSTICO', ''),
(9, 'DIBUJO TÉCNICO', ''),
(10, 'ECONOMíA', ''),
(11, 'ED. PLÁSTICA Y VISUAL', 'EPV'),
(12, 'EDUC CIUDADANÍA Y LOS DERECHOS HUMANOS', ''),
(13, 'EDUC ÉTICO-CÍVICA', ''),
(14, 'EDUCACIÓN FÍSICA', 'EF'),
(15, 'ELECTROTECNIA', ''),
(16, 'ENS. DE RELIGIÓN', ''),
(17, 'FILOSOFÍA', 'FIL'),
(18, 'FÍSICA Y QUÍMICA', 'FYQ'),
(19, 'FRANCÉS', 'FR'),
(20, 'GEOGRAFÍA', 'GEO'),
(21, 'GEOGRAFíA E HISTORIA', 'GEH'),
(22, 'GRIEGO', ''),
(23, 'HISTORIA DE ESPAÑA', ''),
(24, 'HISTORIA DE ESPAÑA', ''),
(25, 'HISTORIA DE LA FILOSOFÍA', ''),
(26, 'INFORMÁTICA', 'INF'),
(27, 'INGLES', 'ING'),
(28, 'LATÍN', ''),
(29, 'LENGUA CASTELLANA', 'LCL'),
(30, 'LENGUA CASTELLANA Y LITERATURA', 'LCL'),
(31, 'MATEMÁTICAS', 'MAT'),
(32, 'MATEMÁTICAS A', ''),
(33, 'MATEMÁTICAS B', ''),
(34, 'MÚSICA', 'MUS'),
(35, 'OPTATIVA', ''),
(36, 'PROYECTO INTEGRADO', 'PI'),
(37, 'RELIGIÓN O CULTURA RELIGIOSA', 'REL'),
(38, 'TECNOLOGÍA', 'TEC'),
(39, 'TECNOLOGÍA APLICADA', 'TAP'),
(40, 'TECNOLOGÍA DE LA INFORMACIÓN Y COMUNICACIÓN', 'TIC'),
(41, 'TECNOLOGÍA INDUSTRIAL', 'TIN'),
(42, 'VIDA MORAL', 'VMO'),
(43, 'FÍSICA', 'FIS'),
(44, 'QUÍMICA', 'QUI'),
(45, 'CIENCIAS DE LA TIERRA Y MEDIO AMBIENTE', 'CTM'),
(46, 'Ámbito Científico Tecnológico', 'ACT'),
(47, 'Ámbito Socio Lingüístico', 'ASL'),
(48, 'Ámbito Práctico', 'APR'),
(49, 'HISTORIA DEL MUNDO CONTEMPORÁNEO', 'HMC');

-- --------------------------------------------------------

--
-- Table structure for table `tb_edicionevaluaciones`
--

CREATE TABLE IF NOT EXISTS `tb_edicionevaluaciones` (
  `ideval` int(4) NOT NULL,
  `nombreeval` varchar(50) COLLATE latin1_spanish_ci NOT NULL COMMENT 'Nombre de la próxima evaluación programada',
  `fechafin` date NOT NULL COMMENT 'Fecha tope para esa evaluación. En MYSQL formato AÑO-MES-DíA'
) ENGINE=InnoDB AUTO_INCREMENT=7 DEFAULT CHARSET=latin1 COLLATE=latin1_spanish_ci;

--
-- Dumping data for table `tb_edicionevaluaciones`
--

INSERT INTO `tb_edicionevaluaciones` (`ideval`, `nombreeval`, `fechafin`) VALUES
(1, 'Primera Evaluación', '2015-12-22'),
(2, 'Segunda Evaluación', '2016-03-20'),
(3, 'Tercera evaluación y final', '2016-06-24'),
(4, 'Septiembre', '2016-09-10'),
(5, 'Extraordinaria Primera', '0000-00-00'),
(6, 'Extraordinaria Segunda', '0000-00-00');

-- --------------------------------------------------------

--
-- Table structure for table `tb_itemsopiniones`
--

CREATE TABLE IF NOT EXISTS `tb_itemsopiniones` (
  `iditem` int(4) NOT NULL,
  `item` varchar(250) COLLATE latin1_spanish_ci NOT NULL COMMENT 'Nombre del aspecto a evaluar',
  `grupo` varchar(50) COLLATE latin1_spanish_ci NOT NULL COMMENT 'GRUPO al que pertenece',
  `positivo` int(1) NOT NULL COMMENT '0 --> Negativo , 1 --> Positivo , 2-> NEUTRO'
) ENGINE=InnoDB DEFAULT CHARSET=latin1 COLLATE=latin1_spanish_ci;

--
-- Dumping data for table `tb_itemsopiniones`
--

INSERT INTO `tb_itemsopiniones` (`iditem`, `item`, `grupo`, `positivo`) VALUES
(7, 'Muestra dificultades en aprendizajes básicos', 'DIFICULTADES', 0),
(8, 'Dificultades de relación e integración en el aula', 'DIFICULTADES', 0),
(9, 'Se distrae con frecuencia. No atiende', 'COMPORTAMIENTO', 0),
(10, 'Respeta al profesorado y a sus compañeros/as', 'COMPORTAMIENTO', 1),
(11, 'Su comportamiento en clase es negativo', 'COMPORTAMIENTO', 0),
(12, 'Muestra esfuerzo por aprender y superarse', 'ACTITUD', 1),
(13, 'Muestra actitud positiva en el aula y en el centro', 'ACTITUD', 1),
(14, 'Muestra abandono del área', 'ACTITUD', 0),
(17, 'No participa en clase', 'COMPORTAMIENTO', 0),
(18, 'No estudia', 'RENDIMIENTO Y TAREAS', 0),
(20, 'No trabaja con regularidad', 'RENDIMIENTO Y TAREAS', 0),
(21, 'Estudia', 'RENDIMIENTO Y TAREAS', 1),
(22, 'Trabaja con regularidad', 'RENDIMIENTO Y TAREAS', 1),
(23, 'Podría esforzarse más', 'ACTITUD', 0),
(24, 'Adaptar metodología e instr. de evaluación', 'SUPERAR DIFICULTADES', 2),
(25, 'Aplicar actividades de refuerzo y apoyo', 'SUPERAR DIFICULTADES', 2),
(26, 'Proponer actividades de ampliación', 'SUPERAR DIFICULTADES', 2),
(27, 'Mejorar métodos de estudio y hábitos de trabajo', 'SUPERAR DIFICULTADES', 2),
(28, 'Proponer estudio psicopedagógico o elaborar ACIs', 'SUPERAR DIFICULTADES', 2),
(29, 'Aumentar control periódico tareas-cuadernos', 'SUPERAR DIFICULTADES', 2),
(30, 'Incidir en el control del comportamiento en clase', 'SUPERAR DIFICULTADES', 2),
(31, 'Ampliar la acción tutorial y la orientación profesional', 'SUPERAR DIFICULTADES', 2),
(32, 'Proponer contrato educativo con familia-alumnado', 'SUPERAR DIFICULTADES', 2),
(33, 'Alta probabilidad de suspender (menos de 3)', 'NOTA ORIENTATIVA', 3),
(34, 'Posibilidad de suspender (3 ó 4)', 'NOTA ORIENTATIVA', 3),
(35, 'Aprobado (5 ó 6)', 'NOTA ORIENTATIVA', 3),
(36, 'Buen trabajo (6, 7 y 8)', 'NOTA ORIENTATIVA', 3),
(37, 'Trabajo excelente (entre 8 y 10)', 'NOTA ORIENTATIVA', 3);

-- --------------------------------------------------------

--
-- Table structure for table `tb_opiniones`
--

CREATE TABLE IF NOT EXISTS `tb_opiniones` (
  `id` int(10) NOT NULL,
  `fecha` date NOT NULL COMMENT 'Fecha en la que se produce la opinión',
  `alumno` int(4) NOT NULL COMMENT 'Id del alumno',
  `asignacion` int(8) NOT NULL COMMENT 'Id de la asignación',
  `items` varchar(300) COLLATE latin1_spanish_ci NOT NULL COMMENT 'Conjunto de items que sirve para calificar al alumno/a',
  `observaciones` blob NOT NULL COMMENT 'Opinión expresada por escrito'
) ENGINE=InnoDB AUTO_INCREMENT=192 DEFAULT CHARSET=latin1 COLLATE=latin1_spanish_ci;

--
-- Dumping data for table `tb_opiniones`
--

INSERT INTO `tb_opiniones` (`id`, `fecha`, `alumno`, `asignacion`, `items`, `observaciones`) VALUES
(104, '2015-03-15', 90, 10, '', 0x266c743b702667743b26616d703b6e6273703b6d6d20686a20676a6720686b6a266c743b2f702667743b),
(129, '2015-03-17', 653, 10, '', 0x266c743b702667743b66676820646668206466672068266c743b2f702667743b),
(135, '2015-03-16', 870, 10, '', 0x266c743b702667743b4361736920616c2066696e616c2e2e2e266c743b2f702667743b),
(136, '2015-03-16', 925, 10, '', 0x266c743b702667743b4d757920616c2066696e616c2e2e2e266c743b2f702667743b),
(137, '2015-03-16', 941, 10, '14#23', 0x266c743b702667743b41636162616e646f266c743b2f702667743b),
(138, '2015-03-16', 951, 10, '12#13', 0x266c743b702667743b5920616361626f2064266961637574653b612031362e2e2e20266e74696c64653b266e74696c64653b266e74696c64653b264e74696c64653b264e74696c64653b264e74696c64653b264e74696c64653b266161637574653b266561637574653b266961637574653b266f61637574653b2675756d6c3b266c743b2f702667743b),
(139, '2015-03-18', 60, 10, '7#8#9#11#14#17#18#20#23', 0x266c743b702667743b722065722065672065726765266c743b2f702667743b),
(141, '2015-03-18', 160, 10, '', 0x266c743b702667743b64676420676466672066646766646726616d703b6e6273703b266c743b2f702667743b),
(146, '2015-04-06', 870, 10, '', 0x266c743b702667743b4361736920616c2066696e616c2e2e2e266c743b2f702667743b),
(148, '2015-04-06', 951, 10, '12#13', 0x266c743b702667743b5920616361626f2064266961637574653b612031362e2e2e20266e74696c64653b266e74696c64653b266e74696c64653b264e74696c64653b264e74696c64653b264e74696c64653b264e74696c64653b266161637574653b266561637574653b266961637574653b266f61637574653b2675756d6c3b266c743b2f702667743b),
(152, '2015-04-06', 60, 10, '10#12#13#21#22', ''),
(153, '2015-04-06', 941, 10, '14#23', 0x266c743b702667743b41636162616e646f266c743b2f702667743b),
(154, '2015-04-06', 64, 10, '7#8#9#11#14#17#18#20#23', ''),
(155, '2015-04-06', 925, 10, '', 0x266c743b702667743b4d757920616c2066696e616c2e2e2e266c743b2f702667743b),
(156, '2015-03-16', 60, 10, '10#12#13#21#22', ''),
(157, '2015-04-05', 12, 11, '', 0x266c743b702667743b61266c743b2f702667743b),
(158, '2015-04-05', 30, 11, '', 0x266c743b702667743b62266c743b2f702667743b),
(159, '2015-04-05', 36, 11, '', 0x266c743b702667743b63266c743b2f702667743b),
(160, '2015-04-05', 60, 11, '', 0x266c743b702667743b64266c743b2f702667743b),
(161, '2015-04-05', 64, 11, '', 0x266c743b702667743b65266c743b2f702667743b),
(162, '2015-04-05', 951, 11, '7#8#9#11#14#17#18#20#23', 0x266c743b702667743b266161637574653b266561637574653b266961637574653b266f61637574653b267561637574653b266961637574653b266c743b2f702667743b),
(163, '2015-04-05', 941, 11, '10#12#13#21#22', ''),
(164, '2015-04-06', 12, 11, '', 0x266c743b702667743b61266c743b2f702667743b),
(165, '2015-04-06', 36, 11, '', 0x266c743b702667743b63266c743b2f702667743b),
(166, '2015-04-13', 60, 10, '10#12#13#14#22#23#24', ''),
(167, '2015-04-13', 870, 10, '', 0x266c743b702667743b4361736920616c2066696e616c2e2e2e266c743b2f702667743b),
(168, '2015-04-13', 64, 10, '7#8#9#11#12#14#17#18#20#23', ''),
(169, '2015-04-13', 941, 10, '14#23', 0x266c743b702667743b41636162616e646f266c743b2f702667743b),
(170, '2015-04-13', 925, 10, '', 0x266c743b702667743b4d757920616c2066696e616c2e2e2e266c743b2f702667743b),
(171, '2015-04-13', 951, 10, '12#13', 0x266c743b702667743b5920616361626f2064266961637574653b612031362e2e2e20266e74696c64653b266e74696c64653b266e74696c64653b264e74696c64653b264e74696c64653b264e74696c64653b264e74696c64653b266161637574653b266561637574653b266961637574653b266f61637574653b2675756d6c3b266c743b2f702667743b),
(172, '2015-04-21', 60, 10, '10#12#13#14#22#23', ''),
(177, '2015-04-21', 951, 10, '12#13', 0x266c743b702667743b5920616361626f2064266961637574653b612031362e2e2e20266e74696c64653b266e74696c64653b266e74696c64653b264e74696c64653b264e74696c64653b264e74696c64653b264e74696c64653b266161637574653b266561637574653b266961637574653b266f61637574653b2675756d6c3b266c743b2f702667743b),
(178, '2015-07-05', 941, 10, '14#23', 0x266c743b702667743b41636162616e646f266c743b2f702667743b),
(179, '2015-07-05', 60, 10, '10#12#13#14#22#23', ''),
(180, '2015-07-05', 951, 10, '12#13', 0x266c743b702667743b5920616361626f2064266961637574653b612031362e2e2e20266e74696c64653b266e74696c64653b266e74696c64653b264e74696c64653b264e74696c64653b264e74696c64653b264e74696c64653b266161637574653b266561637574653b266961637574653b266f61637574653b2675756d6c3b266c743b2f702667743b),
(181, '2015-08-23', 60, 10, '10#12#13#14#22#23', ''),
(182, '2015-08-23', 951, 10, '12#13', 0x266c743b702667743b5920616361626f2064266961637574653b612031362e2e2e20266e74696c64653b266e74696c64653b266e74696c64653b264e74696c64653b264e74696c64653b264e74696c64653b264e74696c64653b266161637574653b266561637574653b266961637574653b266f61637574653b2675756d6c3b266c743b2f702667743b),
(183, '2015-10-03', 60, 10, '14#24', ''),
(184, '2015-10-03', 64, 10, '12#23', ''),
(185, '2015-10-03', 87, 10, '13', ''),
(186, '2015-11-02', 60, 10, '13#14', ''),
(187, '2016-03-15', 12, 11, '', 0x266c743b702667743b4e6f2074656e676f206275656e61206f70696e69266f61637574653b6e206465206573746520636869636f266c743b2f702667743b),
(188, '2016-03-18', 12, 11, '', 0x266c743b702667743b61266c743b2f702667743b),
(189, '2016-03-18', 36, 11, '', 0x266c743b702667743b63266c743b2f702667743b),
(190, '2016-03-14', 12, 11, '7#8#9#11#14#17#18#20#23', 0x266c743b702667743b61266c743b2f702667743b),
(191, '2016-03-14', 36, 11, '', 0x266c743b702667743b63266c743b2f702667743b);

-- --------------------------------------------------------

--
-- Table structure for table `tb_opiniongeneral`
--

CREATE TABLE IF NOT EXISTS `tb_opiniongeneral` (
  `idopiniongeneral` int(10) NOT NULL,
  `eval` int(4) NOT NULL,
  `asignacion` int(8) NOT NULL,
  `opinion` blob NOT NULL,
  `actuaciones` blob NOT NULL,
  `mejora` blob NOT NULL
) ENGINE=InnoDB AUTO_INCREMENT=5 DEFAULT CHARSET=latin1;

--
-- Dumping data for table `tb_opiniongeneral`
--

INSERT INTO `tb_opiniongeneral` (`idopiniongeneral`, `eval`, `asignacion`, `opinion`, `actuaciones`, `mejora`) VALUES
(2, 2, 10, 0x266c743b702667743b45737461206573206c61207072696d65726126616d703b6e6273703b26616d703b6e6273703b26616d703b6e6273703b26616d703b6e6273703b266c743b2f702667743b, 0x266c743b702667743b45737461206c6120736567756e646126616d703b6e6273703b26616d703b6e6273703b26616d703b6e6273703b26616d703b6e6273703b266c743b2f702667743b, 0x266c743b702667743b592065737461206c612074657263657261266c743b2f702667743b),
(3, 1, 10, 0x266c743b702667743b31266c743b2f702667743b, 0x266c743b702667743b32266c743b2f702667743b, 0x266c743b702667743b33266c743b2f702667743b),
(4, 3, 10, 0x266c743b702667743b65727467646667266c743b2f702667743b, 0x266c743b702667743b7364666773646667266c743b2f702667743b, 0x266c743b702667743b736466677364666773646667736466266c743b2f702667743b);

-- --------------------------------------------------------

--
-- Table structure for table `tb_ord_incidencias`
--

CREATE TABLE IF NOT EXISTS `tb_ord_incidencias` (
  `Idincidencia` int(10) NOT NULL,
  `N` int(3) NOT NULL DEFAULT '0',
  `Serial_number` varchar(23) DEFAULT NULL,
  `SNID` int(11) DEFAULT NULL,
  `Planta` varchar(1) DEFAULT NULL,
  `Carro` int(2) DEFAULT NULL,
  `alumno1` varchar(100) NOT NULL,
  `alumno2` varchar(100) NOT NULL,
  `alumno3` varchar(100) NOT NULL,
  `Curso` varchar(5) NOT NULL,
  `Incidencia` text NOT NULL,
  `profesor` varchar(100) NOT NULL,
  `fecha` date NOT NULL,
  `Hora` int(1) NOT NULL,
  `Resuelto` tinyint(1) NOT NULL
) ENGINE=MyISAM AUTO_INCREMENT=6 DEFAULT CHARSET=utf8 COMMENT='Número de serie de los carros';

--
-- Dumping data for table `tb_ord_incidencias`
--

INSERT INTO `tb_ord_incidencias` (`Idincidencia`, `N`, `Serial_number`, `SNID`, `Planta`, `Carro`, `alumno1`, `alumno2`, `alumno3`, `Curso`, `Incidencia`, `profesor`, `fecha`, `Hora`, `Resuelto`) VALUES
(3, 118, 'LXTT90C0029380B7061601 ', 2147483647, '0', 14, 'Yo', 'Yo', '', '15', 'Se le ha ido la batería (luz de carga naranja parpadeante conectado más de un día y no carga) El ordenador en otro transformador no carga. La misma batería conectada a otro ordenador en otro transformador no carga. Su transformador si carga a otro ordenador, por lo que se deduce que la batería está estropeada.', 'Aurelio Gallardo', '2011-03-02', 2, 1),
(4, 42, 'LXTT90C002938089E31601 ', 2147483647, '2', 5, '', '', '', '16', 'Signos externos: al conectar el transformador de carga no se queda encendido piloto verde. Los chicos/as se quejan de que les dura muy poco encendido. Monitor de baterías en Guadalinex: aparecen dos símbolos, como si tuviese dos baterías; uno corresponde a la batería modelo BODEN34, de Sanyo, y aparece siempre como descargada; la otra cargada, modelo GARDA43 de SONY. Cambio de transformador de carga: no arregla el problema. Deduzco que es un fallo de la batería en la unidad. ', 'Aurelio Gallardo Rodríguez', '2011-03-24', 1, 1),
(5, 82, 'LXTT90C0029380C4DC1601 ', 2147483647, '1', 10, '', '', '', '0', 'El ordenador no funciona porque...', 'fgfdgsdf', '2011-11-09', 1, 0);

-- --------------------------------------------------------

--
-- Table structure for table `tb_profesores`
--

CREATE TABLE IF NOT EXISTS `tb_profesores` (
  `idprofesor` int(3) NOT NULL DEFAULT '0',
  `Empleado` varchar(200) COLLATE latin1_spanish_ci DEFAULT NULL COMMENT 'Nombre del empleado de la forma: APELLIDOS [coma] NOMBRE',
  `DNI` varchar(9) COLLATE latin1_spanish_ci DEFAULT NULL COMMENT 'NIF: DNI + letra',
  `IDEA` varchar(10) COLLATE latin1_spanish_ci DEFAULT NULL COMMENT 'Usuario IDEA Junta Andalucía',
  `tutorde` varchar(8) COLLATE latin1_spanish_ci DEFAULT NULL COMMENT 'Si se sabe cuál es su tutoría...',
  `email` varchar(200) COLLATE latin1_spanish_ci DEFAULT 'correo@prueba.es' COMMENT 'Dirección de email',
  `administrador` int(1) NOT NULL DEFAULT '0' COMMENT '0 si no es administrador, 1 si lo es'
) ENGINE=InnoDB DEFAULT CHARSET=latin1 COLLATE=latin1_spanish_ci;

--
-- Dumping data for table `tb_profesores`
--

INSERT INTO `tb_profesores` (`idprofesor`, `Empleado`, `DNI`, `IDEA`, `tutorde`, `email`, `administrador`) VALUES
(2, 'Alcobas García, Yolanda', '23005890W', 'yalcgar890', '2CFGSA', 'y1@gmail.com', 0),
(3, 'Aliaño Serrano, José', '31617394F', 'jaliser394', '2 Bach A', 'correo@prueba.es', 0),
(4, 'Aranega Jaime, María Carmen', '31640355Z', 'marajai355', '', 'agr1971gal@gmail.com', 0),
(5, 'Arias Ramos, Samuel', '31652730S', 'sariram730', '3 ESO D', 'correo@prueba.es', 0),
(6, 'Asensio Pérez, Manuel', '30461436Y', 'maseper436', '', 'correo@prueba.es', 0),
(8, 'Belda Lozano, Alejandra', '24243553N', 'abelloz553', '1 ESO F', 'correo@prueba.es', 0),
(9, 'Benítez Jaén, Ana', '31633183H', 'mbenjae183', '', 'correo@prueba.es', 0),
(10, 'Berges Torres, Simón', '26024466N', 'sbertor466', '2 ESO C', 'correo@prueba.es', 0),
(11, 'Berral Espuny, Agustín', '30048422A', 'aberesp422', '1 Bach H', 'correo@prueba.es', 0),
(12, 'Campos García, María Auxiliadora', '31628367D', 'mcamgar367', '', 'correo@prueba.es', 0),
(13, 'Contreras Valle, María Esperanza', '31587326T', 'mconval326', '', 'correo@prueba.es', 0),
(14, 'Díaz Romero, Federico', '26204938A', 'fdiarom938', '3 ESO A', 'correo@prueba.es', 0),
(15, 'Domínguez Partida, José Francisco', '31683746G', 'jdompar746', '2 Bach B', 'correo@prueba.es', 0),
(16, 'Espejo Gutiérrez de Tena, María del Carm', '08839481Y', 'mespgut481', '2 ESO F', 'correo@prueba.es', 0),
(17, 'Fernández Fernández, Blanca', '31235682A', 'bferfer682', '', 'correo@prueba.es', 0),
(18, 'Fernández Fernández, M. Carmen', '25956956F', 'mferfer956', '4 ESO C', 'correo@prueba.es', 0),
(19, 'Fernández Fernández, Rosario F', '31589809E', 'rferfer809', '', 'correo@prueba.es', 0),
(20, 'Galiano Torres, M. Ángeles', '23778453H', 'mgaltor453', '', 'correo@prueba.es', 0),
(21, 'Gallardo Rodríguez, Aurelio', '31667329D', 'agalrod329', '', 'agr1971gal@yahoo.es', 1),
(22, 'Gálvez Escobar, Juan', '52337396E', 'jgalesc396', '3 ESO C', 'correo@prueba.es', 0),
(23, 'Ganfornina Ruiz, Agustín', '34064024N', 'aganrui024', '', 'correo@prueba.es', 0),
(24, 'García García, Azahara', '75753394L', 'agargar394', '2 ESO A', 'correo@prueba.es', 0),
(25, 'García Pérez, Diego', '31633417E', 'dgarper417', '', 'correo@prueba.es', 0),
(26, 'García Sánchez, Luis Carlos', '29766229C', 'lgarsan229', '', 'correo@prueba.es', 0),
(27, 'Gavira Moreno, María', '25572670M', 'mgavmor670', '', 'correo@prueba.es', 0),
(28, 'Giles Sánchez, Rafael', '31336680P', 'rgilsan680', '4 ESO A', 'correo@prueba.es', 0),
(29, 'Gómez de Pablos, María Paz', '03433748D', 'mgompab748', '', 'correo@prueba.es', 0),
(30, 'Gómez Gómez, Montserrat', '76414553C', 'mgomgom553', '1 ESO D', 'correo@prueba.es', 0),
(31, 'González García, Juan Carlos', '12756656M', 'jgongar656', '4 ESO D', 'correo@prueba.es', 0),
(32, 'Guerrero Bolaños, Carmen', '34049897F', 'cguebol897', '2 ESO E', 'correo@prueba.es', 0),
(33, 'Hamon Fleury, Catherine', 'X0284253L', 'chamfle253', '', 'correo@prueba.es', 0),
(34, 'Hernández Villena, Gregorio', '45278624L', 'ghervil624', '1 ESO A', 'correo@prueba.es', 0),
(35, 'Jiménez Camacho, Alejandro', '31666202D', 'ajimcam202', '1 ESO E', 'correo@prueba.es', 0),
(36, 'Liébana Martínez, Anastasio', '25936213X', 'aliemar213', '', 'correo@prueba.es', 0),
(37, 'Lomas Fernández, Natividad', '31639014F', 'nlomfer014', '', 'correo@prueba.es', 0),
(38, 'López Cruz, Estíbaliz', '30195111K', 'elopcru111', '1CFGSA', 'correo@prueba.es', 0),
(39, 'López Fernández, Jesús', '31604051G', 'jlopfer051', '', 'correo@prueba.es', 0),
(40, 'Lozano Jiménez, Manuel', '31315939J', 'mlozjim939', '', 'correo@prueba.es', 0),
(41, 'Luque Millán, Francisco', '52545252G', 'fluqmil252', '', 'correo@prueba.es', 0),
(42, 'Marín Martín, Alberto Luis', '28788521L', 'amarmar521', '', 'correo@prueba.es', 0),
(43, 'Márquez Vera, Manuel', '31210349Q', 'mmarver349', '', 'correo@prueba.es', 0),
(44, 'Mena Ruiz, Isabel María', '31698384Z', 'imenrui384', '1 Bach C', 'correo@prueba.es', 0),
(45, 'Miguel Miguel, Federico', '13117834Z', 'fmigmig834', '2 Bach C', 'correo@prueba.es', 0),
(46, 'Morillo Ballesteros, Andrés Avelino', '75805205B', 'amorbal205', '', 'correo@prueba.es', 0),
(47, 'Ojeda Ruiz, Soledad', '31618519M', 'sojerui519', '', 'correo@prueba.es', 0),
(48, 'Palomo Bernal, M. Del Carmen', '31669882D', 'mpalber882', '2 Bach D', 'correo@prueba.es', 0),
(49, 'Palomo Pachón, José', '24163943M', 'jpalpac943', '1 Bach D', 'correo@prueba.es', 0),
(50, 'Parra Boyero, Miguel', '28669420N', 'mparboy420', '', 'correo@prueba.es', 0),
(51, 'Paya Albert, Engracia', '25949542E', 'epayalb542', '1 Bach E', 'correo@prueba.es', 0),
(52, 'Peralta Timón, María Ángeles', '50689809V', 'mpertim809', '2 ESO D', 'correo@prueba.es', 0),
(53, 'Pérez Román, Dolores', '31612109N', 'dperrom109', '', 'correo@prueba.es', 0),
(54, 'Picazo Escolano, Miguel A.', '05119424S', 'mpicesc424', '1 ESO B', 'correo@prueba.es', 0),
(55, 'Ramírez Fajardo, María', '31659683E', 'mramfaj683', '3 ESO B', 'correo@prueba.es', 0),
(56, 'Rodero Luna, Germán Francisco', '26443046S', 'grodlun046', '', 'correo@prueba.es', 0),
(57, 'Rodríguez de Trujill Lago, Agatha', '28719214B', 'arodlag214', '', 'correo@prueba.es', 0),
(58, 'Rodríguez Poley, Daniel', '74930430H', 'drodpol430', '2 Bach E', 'correo@prueba.es', 0),
(59, 'Ruiz Bonilla, Francisco', '30424347Q', 'fruibon347', '', 'correo@prueba.es', 0),
(60, 'Ruiz Utrera, María Antonia', '26483711Q', 'mruiutr711', '1 ESO C', 'correo@prueba.es', 0),
(61, 'Sánchez Cala, Fabiola', '31683876L', 'fsancal876', '4 ESO B', 'correo@prueba.es', 0),
(62, 'Sánchez-Gadeo Medina, Francisco', '29080587P', 'fsanmed587', '', 'correo@prueba.es', 1),
(63, 'Saraza Jimena, Dolores Esperanza', '30544673Y', 'dsarjim673', '', 'correo@prueba.es', 0),
(64, 'Serrano Galán, Juana María', '25997837V', 'jsergal837', '', 'correo@prueba.es', 0),
(65, 'Torrens Echevarría, Ángel', '17819119J', 'atorech019', '2 ESO B', 'correo@prueba.es', 0),
(66, 'Valero Balboa, Juan Antonio', '31623835P', 'jvalbal835', '', 'correo@prueba.es', 0),
(67, 'Valle Lorenzana, Juana', '31638208Y', 'cvallor208', '', 'correo@prueba.es', 0),
(68, 'Varo Altamirano, Juana', '75738650H', 'jvaralt650', '', 'correo@prueba.es', 0);

--
-- Indexes for dumped tables
--

--
-- Indexes for table `tb_alumno`
--
ALTER TABLE `tb_alumno`
  ADD PRIMARY KEY (`idalumno`);

--
-- Indexes for table `tb_asignaciones`
--
ALTER TABLE `tb_asignaciones`
  ADD PRIMARY KEY (`idasignacion`);

--
-- Indexes for table `tb_asignaturas`
--
ALTER TABLE `tb_asignaturas`
  ADD PRIMARY KEY (`idmateria`);

--
-- Indexes for table `tb_edicionevaluaciones`
--
ALTER TABLE `tb_edicionevaluaciones`
  ADD PRIMARY KEY (`ideval`);

--
-- Indexes for table `tb_itemsopiniones`
--
ALTER TABLE `tb_itemsopiniones`
  ADD PRIMARY KEY (`iditem`);

--
-- Indexes for table `tb_opiniones`
--
ALTER TABLE `tb_opiniones`
  ADD PRIMARY KEY (`id`);

--
-- Indexes for table `tb_opiniongeneral`
--
ALTER TABLE `tb_opiniongeneral`
  ADD PRIMARY KEY (`idopiniongeneral`);

--
-- Indexes for table `tb_ord_incidencias`
--
ALTER TABLE `tb_ord_incidencias`
  ADD PRIMARY KEY (`Idincidencia`);

--
-- Indexes for table `tb_profesores`
--
ALTER TABLE `tb_profesores`
  ADD PRIMARY KEY (`idprofesor`);

--
-- AUTO_INCREMENT for dumped tables
--

--
-- AUTO_INCREMENT for table `tb_asignaciones`
--
ALTER TABLE `tb_asignaciones`
  MODIFY `idasignacion` int(10) NOT NULL AUTO_INCREMENT COMMENT 'identificación de cada asignación',AUTO_INCREMENT=14;
--
-- AUTO_INCREMENT for table `tb_edicionevaluaciones`
--
ALTER TABLE `tb_edicionevaluaciones`
  MODIFY `ideval` int(4) NOT NULL AUTO_INCREMENT,AUTO_INCREMENT=7;
--
-- AUTO_INCREMENT for table `tb_opiniones`
--
ALTER TABLE `tb_opiniones`
  MODIFY `id` int(10) NOT NULL AUTO_INCREMENT,AUTO_INCREMENT=192;
--
-- AUTO_INCREMENT for table `tb_opiniongeneral`
--
ALTER TABLE `tb_opiniongeneral`
  MODIFY `idopiniongeneral` int(10) NOT NULL AUTO_INCREMENT,AUTO_INCREMENT=5;
--
-- AUTO_INCREMENT for table `tb_ord_incidencias`
--
ALTER TABLE `tb_ord_incidencias`
  MODIFY `Idincidencia` int(10) NOT NULL AUTO_INCREMENT,AUTO_INCREMENT=6;
/*!40101 SET CHARACTER_SET_CLIENT=@OLD_CHARACTER_SET_CLIENT */;
/*!40101 SET CHARACTER_SET_RESULTS=@OLD_CHARACTER_SET_RESULTS */;
/*!40101 SET COLLATION_CONNECTION=@OLD_COLLATION_CONNECTION */;
